time_index,wavelength_nm,absorbance
0,200,0.057863
0,201,0.067627
0,202,0.094913
0,203,0.118886
0,204,0.133346
0,205,0.168533
0,206,0.212413
0,207,0.253338
0,208,0.303273
0,209,0.353801
0,210,0.421458
0,211,0.486096
0,212,0.552671
0,213,0.631127
0,214,0.704734
0,215,0.777016
0,216,0.861062
0,217,0.932319
0,218,1.014878
0,219,1.080358
0,220,1.143117
0,221,1.196402
0,222,1.251251
0,223,1.280954
0,224,1.304385
0,225,1.317635
0,226,1.322609
0,227,1.311154
0,228,1.289544
0,229,1.257593
0,230,1.224255
0,231,1.164186
0,232,1.109149
0,233,1.048979
0,234,0.994083
0,235,0.934237
0,236,0.867255
0,237,0.804801
0,238,0.749131
0,239,0.7045
0,240,0.658909
0,241,0.617819
0,242,0.57834
0,243,0.554614
0,244,0.532545
0,245,0.517462
0,246,0.510531
0,247,0.502997
0,248,0.50519
0,249,0.506824
0,250,0.515909
0,251,0.528709
0,252,0.53323
0,253,0.554442
0,254,0.571581
0,255,0.589955
0,256,0.611667
0,257,0.640317
0,258,0.650691
0,259,0.679993
0,260,0.688928
0,261,0.71547
0,262,0.737611
0,263,0.758682
0,264,0.777527
0,265,0.795166
0,266,0.806168
0,267,0.820566
0,268,0.840095
0,269,0.847558
0,270,0.853393
0,271,0.863221
0,272,0.871796
0,273,0.884175
0,274,0.88695
0,275,0.892141
0,276,0.888187
0,277,0.890261
0,278,0.890181
0,279,0.882204
0,280,0.880334
0,281,0.868484
0,282,0.861577
0,283,0.851871
0,284,0.837295
0,285,0.832745
0,286,0.815202
0,287,0.803108
0,288,0.790031
0,289,0.773874
0,290,0.758145
0,291,0.73739
0,292,0.718117
0,293,0.701466
0,294,0.675756
0,295,0.65819
0,296,0.640032
0,297,0.622808
0,298,0.61053
0,299,0.586305
0,300,0.570623
0,301,0.560491
0,302,0.535807
0,303,0.524006
0,304,0.50033
0,305,0.488069
0,306,0.469842
0,307,0.458411
0,308,0.450261
0,309,0.425996
0,310,0.423773
0,311,0.411704
0,312,0.397545
0,313,0.384059
0,314,0.381992
0,315,0.371123
0,316,0.367108
0,317,0.359407
0,318,0.360428
0,319,0.346685
0,320,0.338297
0,321,0.339409
0,322,0.335813
0,323,0.33764
0,324,0.33242
0,325,0.327803
0,326,0.330671
0,327,0.316936
0,328,0.317876
0,329,0.315281
0,330,0.31658
0,331,0.311171
0,332,0.319366
0,333,0.314725
0,334,0.308364
0,335,0.309679
0,336,0.314904
0,337,0.316459
0,338,0.320792
0,339,0.32394
0,340,0.311594
0,341,0.304038
0,342,0.297504
0,343,0.306741
0,344,0.300134
0,345,0.299987
0,346,0.296967
0,347,0.296747
0,348,0.299628
0,349,0.292776
0,350,0.288381
0,351,0.28125
0,352,0.274982
0,353,0.276734
0,354,0.274885
0,355,0.279096
0,356,0.267556
0,357,0.267046
0,358,0.255865
0,359,0.248112
0,360,0.24429
0,361,0.240425
0,362,0.248201
0,363,0.229753
0,364,0.231954
0,365,0.218765
0,366,0.221599
0,367,0.21366
0,368,0.2057
0,369,0.200667
0,370,0.192331
0,371,0.191705
0,372,0.182076
0,373,0.173052
0,374,0.167288
0,375,0.168326
0,376,0.169216
0,377,0.157449
0,378,0.150884
0,379,0.147469
0,380,0.14691
0,381,0.136964
0,382,0.12917
0,383,0.131146
0,384,0.123358
0,385,0.123716
0,386,0.113128
0,387,0.102416
0,388,0.097521
0,389,0.10699
0,390,0.103333
0,391,0.090919
0,392,0.086289
0,393,0.091014
0,394,0.076017
0,395,0.07367
0,396,0.077425
0,397,0.069724
0,398,0.068581
0,399,0.065105
0,400,0.064726
0,401,0.067036
0,402,0.058731
0,403,0.058966
0,404,0.044708
0,405,0.051697
0,406,0.046219
0,407,0.042737
0,408,0.042586
0,409,0.043455
0,410,0.047602
0,411,0.03613
0,412,0.04095
0,413,0.037436
0,414,0.037031
0,415,0.041991
0,416,0.038954
0,417,0.04168
0,418,0.034169
0,419,0.031006
0,420,0.032469
0,421,0.03397
0,422,0.033136
0,423,0.026982
0,424,0.031843
0,425,0.032088
0,426,0.042064
0,427,0.038902
0,428,0.026381
0,429,0.028732
0,430,0.023284
0,431,0.027092
0,432,0.031085
0,433,0.035037
0,434,0.026307
0,435,0.026649
0,436,0.019961
0,437,0.028948
0,438,0.024977
0,439,0.027475
0,440,0.026031
0,441,0.02969
0,442,0.022358
0,443,0.023835
0,444,0.040201
0,445,0.025022
0,446,0.026087
0,447,0.039505
0,448,0.044538
0,449,0.026427
0,450,0.030283
0,451,0.033724
0,452,0.040218
0,453,0.028253
0,454,0.031849
0,455,0.036712
0,456,0.035433
0,457,0.032047
0,458,0.0334
0,459,0.028077
0,460,0.033453
0,461,0.033584
0,462,0.036083
0,463,0.032791
0,464,0.03766
0,465,0.040339
0,466,0.036719
0,467,0.037835
0,468,0.036718
0,469,0.036699
0,470,0.033665
0,471,0.038542
0,472,0.036879
0,473,0.046927
0,474,0.04477
0,475,0.0396
0,476,0.034596
0,477,0.033181
0,478,0.043694
0,479,0.039656
0,480,0.040764
0,481,0.030873
0,482,0.043009
0,483,0.040983
0,484,0.034034
0,485,0.036994
0,486,0.040378
0,487,0.039494
0,488,0.038001
0,489,0.0389
0,490,0.038273
0,491,0.040126
0,492,0.046087
0,493,0.027933
0,494,0.038428
0,495,0.040292
0,496,0.040828
0,497,0.037814
0,498,0.031568
0,499,0.04093
0,500,0.047202
1,200,0.036469
1,201,0.059664
1,202,0.069
1,203,0.088012
1,204,0.104586
1,205,0.132687
1,206,0.168968
1,207,0.198671
1,208,0.241306
1,209,0.280525
1,210,0.323218
1,211,0.379364
1,212,0.427207
1,213,0.485919
1,214,0.540036
1,215,0.60242
1,216,0.660022
1,217,0.728098
1,218,0.776472
1,219,0.840509
1,220,0.886555
1,221,0.937614
1,222,0.973745
1,223,1.009095
1,224,1.026263
1,225,1.029189
1,226,1.040779
1,227,1.031723
1,228,1.022479
1,229,1.01195
1,230,0.981373
1,231,0.942996
1,232,0.904801
1,233,0.86959
1,234,0.821844
1,235,0.781563
1,236,0.743669
1,237,0.706549
1,238,0.665357
1,239,0.6164
1,240,0.596251
1,241,0.567097
1,242,0.544769
1,243,0.53065
1,244,0.498329
1,245,0.493678
1,246,0.491473
1,247,0.477336
1,248,0.490309
1,249,0.486905
1,250,0.493138
1,251,0.492668
1,252,0.506706
1,253,0.51689
1,254,0.523115
1,255,0.533968
1,256,0.545544
1,257,0.552122
1,258,0.567392
1,259,0.579414
1,260,0.593859
1,261,0.608507
1,262,0.610626
1,263,0.62614
1,264,0.644338
1,265,0.644487
1,266,0.653962
1,267,0.667927
1,268,0.679516
1,269,0.683674
1,270,0.697
1,271,0.70138
1,272,0.707097
1,273,0.710778
1,274,0.723116
1,275,0.71488
1,276,0.709196
1,277,0.727504
1,278,0.718984
1,279,0.721726
1,280,0.726613
1,281,0.711875
1,282,0.711392
1,283,0.707018
1,284,0.707315
1,285,0.70898
1,286,0.70483
1,287,0.698665
1,288,0.685452
1,289,0.675491
1,290,0.680173
1,291,0.671319
1,292,0.668933
1,293,0.663221
1,294,0.653689
1,295,0.649524
1,296,0.640036
1,297,0.63437
1,298,0.621696
1,299,0.617163
1,300,0.612037
1,301,0.608156
1,302,0.595962
1,303,0.593671
1,304,0.583707
1,305,0.578173
1,306,0.57644
1,307,0.557537
1,308,0.554903
1,309,0.548327
1,310,0.53879
1,311,0.540836
1,312,0.541899
1,313,0.531709
1,314,0.528509
1,315,0.527197
1,316,0.522885
1,317,0.51105
1,318,0.512122
1,319,0.500834
1,320,0.491018
1,321,0.486523
1,322,0.476783
1,323,0.473761
1,324,0.470386
1,325,0.469845
1,326,0.468122
1,327,0.447897
1,328,0.450011
1,329,0.437366
1,330,0.438227
1,331,0.429344
1,332,0.415443
1,333,0.42202
1,334,0.40893
1,335,0.403248
1,336,0.394843
1,337,0.390878
1,338,0.390062
1,339,0.381552
1,340,0.378366
1,341,0.373082
1,342,0.372183
1,343,0.359397
1,344,0.349194
1,345,0.35603
1,346,0.344937
1,347,0.347067
1,348,0.339376
1,349,0.33285
1,350,0.331057
1,351,0.334583
1,352,0.331499
1,353,0.318785
1,354,0.315856
1,355,0.316864
1,356,0.304991
1,357,0.307482
1,358,0.303043
1,359,0.30193
1,360,0.294102
1,361,0.288169
1,362,0.283578
1,363,0.285673
1,364,0.286476
1,365,0.285079
1,366,0.293209
1,367,0.287334
1,368,0.275816
1,369,0.279824
1,370,0.274373
1,371,0.272957
1,372,0.273132
1,373,0.273134
1,374,0.26673
1,375,0.27114
1,376,0.258958
1,377,0.26213
1,378,0.271881
1,379,0.258796
1,380,0.262106
1,381,0.253647
1,382,0.253527
1,383,0.248168
1,384,0.245143
1,385,0.23977
1,386,0.242668
1,387,0.234053
1,388,0.238202
1,389,0.237234
1,390,0.23096
1,391,0.224907
1,392,0.225164
1,393,0.218445
1,394,0.220855
1,395,0.204782
1,396,0.208195
1,397,0.197077
1,398,0.19576
1,399,0.205223
1,400,0.199354
1,401,0.188171
1,402,0.180752
1,403,0.170172
1,404,0.17737
1,405,0.187024
1,406,0.173937
1,407,0.165375
1,408,0.166063
1,409,0.152742
1,410,0.154514
1,411,0.152313
1,412,0.147449
1,413,0.147479
1,414,0.141462
1,415,0.139007
1,416,0.128879
1,417,0.132299
1,418,0.131845
1,419,0.116164
1,420,0.112849
1,421,0.119425
1,422,0.108862
1,423,0.112703
1,424,0.100831
1,425,0.106225
1,426,0.096924
1,427,0.094371
1,428,0.097326
1,429,0.085541
1,430,0.080037
1,431,0.079553
1,432,0.081044
1,433,0.069243
1,434,0.076917
1,435,0.069186
1,436,0.074696
1,437,0.056315
1,438,0.061669
1,439,0.055616
1,440,0.05774
1,441,0.060942
1,442,0.057354
1,443,0.055478
1,444,0.054467
1,445,0.054776
1,446,0.047947
1,447,0.054635
1,448,0.053329
1,449,0.051029
1,450,0.050865
1,451,0.048791
1,452,0.055958
1,453,0.045473
1,454,0.043778
1,455,0.041102
1,456,0.039251
1,457,0.037757
1,458,0.038917
1,459,0.042245
1,460,0.043719
1,461,0.042074
1,462,0.038018
1,463,0.045387
1,464,0.044405
1,465,0.040063
1,466,0.037609
1,467,0.042954
1,468,0.041154
1,469,0.033518
1,470,0.039741
1,471,0.041159
1,472,0.035744
1,473,0.040672
1,474,0.033062
1,475,0.045815
1,476,0.045362
1,477,0.038435
1,478,0.041224
1,479,0.028462
1,480,0.034183
1,481,0.03811
1,482,0.034509
1,483,0.042678
1,484,0.048535
1,485,0.03394
1,486,0.035464
1,487,0.040354
1,488,0.046632
1,489,0.033592
1,490,0.040305
1,491,0.047479
1,492,0.031498
1,493,0.033154
1,494,0.037041
1,495,0.036547
1,496,0.042614
1,497,0.039942
1,498,0.030635
1,499,0.041092
1,500,0.036022
2,200,0.040095
2,201,0.040656
2,202,0.052081
2,203,0.071349
2,204,0.088714
2,205,0.106403
2,206,0.118652
2,207,0.154541
2,208,0.176055
2,209,0.214286
2,210,0.242186
2,211,0.289794
2,212,0.325701
2,213,0.367729
2,214,0.423259
2,215,0.468504
2,216,0.512436
2,217,0.569645
2,218,0.607033
2,219,0.65322
2,220,0.695105
2,221,0.727646
2,222,0.764576
2,223,0.786172
2,224,0.807006
2,225,0.829221
2,226,0.82543
2,227,0.820082
2,228,0.83388
2,229,0.827617
2,230,0.798142
2,231,0.771073
2,232,0.755369
2,233,0.729656
2,234,0.702671
2,235,0.670184
2,236,0.650024
2,237,0.622507
2,238,0.587249
2,239,0.573644
2,240,0.558436
2,241,0.530677
2,242,0.512045
2,243,0.499448
2,244,0.492156
2,245,0.472884
2,246,0.475795
2,247,0.469358
2,248,0.477847
2,249,0.468008
2,250,0.477591
2,251,0.466698
2,252,0.47757
2,253,0.479974
2,254,0.478601
2,255,0.488074
2,256,0.497773
2,257,0.495633
2,258,0.494402
2,259,0.507474
2,260,0.508607
2,261,0.516505
2,262,0.52299
2,263,0.520628
2,264,0.526244
2,265,0.541199
2,266,0.541577
2,267,0.537028
2,268,0.557611
2,269,0.560026
2,270,0.560108
2,271,0.561852
2,272,0.576339
2,273,0.578322
2,274,0.591918
2,275,0.586642
2,276,0.590203
2,277,0.591126
2,278,0.59905
2,279,0.60128
2,280,0.607148
2,281,0.60161
2,282,0.604597
2,283,0.606822
2,284,0.615051
2,285,0.620526
2,286,0.613432
2,287,0.615567
2,288,0.620931
2,289,0.62017
2,290,0.627598
2,291,0.614414
2,292,0.622874
2,293,0.624871
2,294,0.619468
2,295,0.627606
2,296,0.62962
2,297,0.634732
2,298,0.642625
2,299,0.637972
2,300,0.635928
2,301,0.642023
2,302,0.648613
2,303,0.640401
2,304,0.641779
2,305,0.649498
2,306,0.646432
2,307,0.650779
2,308,0.647629
2,309,0.650543
2,310,0.641576
2,311,0.645075
2,312,0.642388
2,313,0.635429
2,314,0.631025
2,315,0.638232
2,316,0.629517
2,317,0.621956
2,318,0.621308
2,319,0.621502
2,320,0.59948
2,321,0.596543
2,322,0.592115
2,323,0.595675
2,324,0.582119
2,325,0.575931
2,326,0.558178
2,327,0.549113
2,328,0.547
2,329,0.535496
2,330,0.527924
2,331,0.51448
2,332,0.506578
2,333,0.495907
2,334,0.48872
2,335,0.478844
2,336,0.457602
2,337,0.444947
2,338,0.450639
2,339,0.442258
2,340,0.42297
2,341,0.410413
2,342,0.411303
2,343,0.407306
2,344,0.403879
2,345,0.39083
2,346,0.38006
2,347,0.371456
2,348,0.36998
2,349,0.363279
2,350,0.355142
2,351,0.36514
2,352,0.36002
2,353,0.353534
2,354,0.340886
2,355,0.346575
2,356,0.34334
2,357,0.340561
2,358,0.342828
2,359,0.338772
2,360,0.338382
2,361,0.337298
2,362,0.335562
2,363,0.3255
2,364,0.334309
2,365,0.331563
2,366,0.328572
2,367,0.342939
2,368,0.343767
2,369,0.342713
2,370,0.338267
2,371,0.344129
2,372,0.338601
2,373,0.3402
2,374,0.334794
2,375,0.342353
2,376,0.341276
2,377,0.335289
2,378,0.341405
2,379,0.341391
2,380,0.350134
2,381,0.345697
2,382,0.341171
2,383,0.341687
2,384,0.339929
2,385,0.337754
2,386,0.332396
2,387,0.335278
2,388,0.330783
2,389,0.326472
2,390,0.332516
2,391,0.329514
2,392,0.31664
2,393,0.321494
2,394,0.323553
2,395,0.320439
2,396,0.316637
2,397,0.308147
2,398,0.299917
2,399,0.294491
2,400,0.296658
2,401,0.292109
2,402,0.291461
2,403,0.285514
2,404,0.274517
2,405,0.263932
2,406,0.26274
2,407,0.259604
2,408,0.251889
2,409,0.244281
2,410,0.242235
2,411,0.232696
2,412,0.226064
2,413,0.224368
2,414,0.214917
2,415,0.211815
2,416,0.205831
2,417,0.19312
2,418,0.190127
2,419,0.193076
2,420,0.174942
2,421,0.164571
2,422,0.159937
2,423,0.163045
2,424,0.157415
2,425,0.151191
2,426,0.152007
2,427,0.128535
2,428,0.137733
2,429,0.138164
2,430,0.120707
2,431,0.119477
2,432,0.113154
2,433,0.108069
2,434,0.106461
2,435,0.110559
2,436,0.108531
2,437,0.094581
2,438,0.101441
2,439,0.089233
2,440,0.093966
2,441,0.082181
2,442,0.080239
2,443,0.078498
2,444,0.08897
2,445,0.07554
2,446,0.06585
2,447,0.07143
2,448,0.063077
2,449,0.060482
2,450,0.065151
2,451,0.059294
2,452,0.058816
2,453,0.056052
2,454,0.05614
2,455,0.055233
2,456,0.042959
2,457,0.054003
2,458,0.045242
2,459,0.042119
2,460,0.047698
2,461,0.047541
2,462,0.043147
2,463,0.049583
2,464,0.03878
2,465,0.04257
2,466,0.041202
2,467,0.043231
2,468,0.044305
2,469,0.037876
2,470,0.045605
2,471,0.042169
2,472,0.032712
2,473,0.032113
2,474,0.040955
2,475,0.039738
2,476,0.040066
2,477,0.040214
2,478,0.041211
2,479,0.044414
2,480,0.034621
2,481,0.034184
2,482,0.034409
2,483,0.040741
2,484,0.045087
2,485,0.037125
2,486,0.027327
2,487,0.030949
2,488,0.034919
2,489,0.036107
2,490,0.03671
2,491,0.038708
2,492,0.036981
2,493,0.043262
2,494,0.035108
2,495,0.034158
2,496,0.040355
2,497,0.030859
2,498,0.039796
2,499,0.038387
2,500,0.037156
3,200,0.035062
3,201,0.031913
3,202,0.053638
3,203,0.05345
3,204,0.061132
3,205,0.082442
3,206,0.094248
3,207,0.115597
3,208,0.143512
3,209,0.169387
3,210,0.191543
3,211,0.229522
3,212,0.262969
3,213,0.298958
3,214,0.330918
3,215,0.372303
3,216,0.394799
3,217,0.440114
3,218,0.47458
3,219,0.514874
3,220,0.544982
3,221,0.577459
3,222,0.614316
3,223,0.627676
3,224,0.649259
3,225,0.660392
3,226,0.671379
3,227,0.675917
3,228,0.678434
3,229,0.678124
3,230,0.672993
3,231,0.656017
3,232,0.644175
3,233,0.620753
3,234,0.609381
3,235,0.597143
3,236,0.579517
3,237,0.559497
3,238,0.546608
3,239,0.529745
3,240,0.519523
3,241,0.503102
3,242,0.489543
3,243,0.483945
3,244,0.461005
3,245,0.47084
3,246,0.446926
3,247,0.452498
3,248,0.46018
3,249,0.458359
3,250,0.44918
3,251,0.450402
3,252,0.459718
3,253,0.450483
3,254,0.46323
3,255,0.45237
3,256,0.454229
3,257,0.459952
3,258,0.452892
3,259,0.44759
3,260,0.452051
3,261,0.452747
3,262,0.446924
3,263,0.452926
3,264,0.451557
3,265,0.460713
3,266,0.457967
3,267,0.458252
3,268,0.461207
3,269,0.465211
3,270,0.469847
3,271,0.465225
3,272,0.468428
3,273,0.482374
3,274,0.479162
3,275,0.478688
3,276,0.492157
3,277,0.497125
3,278,0.492761
3,279,0.506552
3,280,0.514618
3,281,0.518797
3,282,0.526168
3,283,0.522843
3,284,0.53773
3,285,0.541555
3,286,0.547767
3,287,0.561508
3,288,0.571909
3,289,0.581111
3,290,0.586711
3,291,0.587974
3,292,0.598379
3,293,0.608675
3,294,0.614009
3,295,0.622522
3,296,0.634308
3,297,0.638553
3,298,0.643735
3,299,0.653481
3,300,0.666536
3,301,0.671339
3,302,0.680448
3,303,0.68915
3,304,0.69086
3,305,0.702442
3,306,0.706267
3,307,0.703573
3,308,0.720644
3,309,0.714951
3,310,0.712225
3,311,0.71707
3,312,0.718244
3,313,0.723508
3,314,0.721166
3,315,0.719123
3,316,0.720977
3,317,0.715973
3,318,0.711232
3,319,0.70611
3,320,0.700609
3,321,0.680256
3,322,0.680355
3,323,0.662693
3,324,0.663511
3,325,0.652892
3,326,0.646861
3,327,0.63596
3,328,0.619222
3,329,0.603438
3,330,0.595397
3,331,0.577603
3,332,0.567004
3,333,0.558539
3,334,0.538024
3,335,0.531462
3,336,0.517959
3,337,0.497528
3,338,0.494377
3,339,0.481091
3,340,0.4667
3,341,0.451513
3,342,0.440508
3,343,0.432062
3,344,0.427832
3,345,0.411938
3,346,0.410475
3,347,0.395031
3,348,0.393213
3,349,0.388623
3,350,0.394348
3,351,0.371393
3,352,0.380901
3,353,0.371172
3,354,0.369617
3,355,0.366026
3,356,0.365964
3,357,0.362044
3,358,0.369158
3,359,0.359986
3,360,0.367942
3,361,0.36027
3,362,0.364225
3,363,0.360909
3,364,0.369991
3,365,0.376772
3,366,0.371794
3,367,0.373683
3,368,0.371908
3,369,0.37883
3,370,0.375097
3,371,0.381135
3,372,0.389357
3,373,0.397314
3,374,0.407095
3,375,0.393482
3,376,0.40556
3,377,0.402159
3,378,0.402367
3,379,0.407028
3,380,0.406903
3,381,0.408518
3,382,0.407153
3,383,0.403248
3,384,0.403057
3,385,0.413707
3,386,0.409117
3,387,0.40709
3,388,0.409113
3,389,0.411642
3,390,0.407128
3,391,0.401188
3,392,0.407838
3,393,0.406831
3,394,0.398606
3,395,0.397475
3,396,0.394985
3,397,0.390335
3,398,0.383422
3,399,0.378567
3,400,0.373096
3,401,0.359992
3,402,0.362878
3,403,0.34712
3,404,0.343584
3,405,0.347136
3,406,0.338259
3,407,0.334474
3,408,0.319038
3,409,0.307627
3,410,0.304617
3,411,0.298772
3,412,0.291082
3,413,0.288448
3,414,0.2736
3,415,0.269235
3,416,0.255058
3,417,0.254128
3,418,0.244222
3,419,0.232892
3,420,0.227651
3,421,0.220274
3,422,0.212324
3,423,0.214613
3,424,0.19837
3,425,0.190471
3,426,0.174567
3,427,0.173381
3,428,0.169627
3,429,0.161016
3,430,0.164451
3,431,0.150841
3,432,0.151719
3,433,0.140015
3,434,0.134239
3,435,0.128179
3,436,0.123365
3,437,0.126488
3,438,0.102391
3,439,0.099264
3,440,0.101776
3,441,0.100197
3,442,0.099378
3,443,0.094502
3,444,0.086766
3,445,0.089994
3,446,0.086771
3,447,0.079641
3,448,0.08043
3,449,0.074387
3,450,0.067821
3,451,0.07139
3,452,0.066308
3,453,0.06365
3,454,0.068666
3,455,0.048095
3,456,0.051279
3,457,0.050757
3,458,0.053176
3,459,0.052293
3,460,0.045022
3,461,0.046306
3,462,0.045783
3,463,0.060569
3,464,0.05649
3,465,0.045059
3,466,0.044477
3,467,0.039983
3,468,0.035675
3,469,0.043578
3,470,0.038793
3,471,0.042605
3,472,0.034885
3,473,0.038423
3,474,0.042341
3,475,0.042989
3,476,0.042875
3,477,0.034259
3,478,0.044321
3,479,0.036149
3,480,0.042718
3,481,0.039407
3,482,0.032671
3,483,0.037515
3,484,0.040568
3,485,0.041567
3,486,0.037803
3,487,0.045619
3,488,0.042973
3,489,0.03681
3,490,0.041481
3,491,0.047005
3,492,0.047022
3,493,0.031721
3,494,0.033065
3,495,0.044473
3,496,0.032272
3,497,0.030942
3,498,0.034866
3,499,0.039131
3,500,0.036592
4,200,0.019709
4,201,0.025406
4,202,0.032235
4,203,0.039812
4,204,0.065096
4,205,0.067106
4,206,0.083472
4,207,0.092279
4,208,0.111313
4,209,0.128431
4,210,0.140808
4,211,0.170814
4,212,0.194427
4,213,0.219683
4,214,0.253576
4,215,0.29561
4,216,0.319359
4,217,0.356367
4,218,0.382239
4,219,0.413276
4,220,0.432904
4,221,0.465696
4,222,0.490184
4,223,0.504579
4,224,0.527771
4,225,0.542219
4,226,0.547862
4,227,0.552799
4,228,0.556996
4,229,0.564651
4,230,0.564588
4,231,0.555567
4,232,0.55401
4,233,0.549597
4,234,0.541684
4,235,0.537398
4,236,0.526946
4,237,0.506799
4,238,0.511056
4,239,0.492033
4,240,0.492068
4,241,0.480438
4,242,0.471973
4,243,0.459785
4,244,0.462974
4,245,0.452039
4,246,0.460557
4,247,0.459799
4,248,0.445344
4,249,0.447556
4,250,0.439449
4,251,0.436732
4,252,0.440239
4,253,0.43284
4,254,0.437875
4,255,0.423355
4,256,0.426722
4,257,0.41847
4,258,0.418005
4,259,0.4082
4,260,0.406522
4,261,0.402829
4,262,0.396267
4,263,0.400858
4,264,0.39856
4,265,0.396543
4,266,0.399931
4,267,0.398901
4,268,0.390058
4,269,0.394349
4,270,0.390827
4,271,0.395954
4,272,0.395586
4,273,0.409692
4,274,0.407583
4,275,0.409406
4,276,0.421551
4,277,0.411138
4,278,0.418438
4,279,0.439224
4,280,0.443382
4,281,0.452604
4,282,0.453801
4,283,0.469517
4,284,0.489264
4,285,0.493941
4,286,0.501639
4,287,0.510008
4,288,0.521968
4,289,0.525678
4,290,0.54975
4,291,0.565398
4,292,0.5667
4,293,0.58441
4,294,0.59543
4,295,0.609887
4,296,0.628388
4,297,0.63152
4,298,0.658019
4,299,0.671896
4,300,0.679936
4,301,0.681666
4,302,0.700977
4,303,0.723367
4,304,0.714831
4,305,0.736861
4,306,0.742251
4,307,0.760446
4,308,0.760868
4,309,0.772695
4,310,0.778984
4,311,0.78952
4,312,0.782798
4,313,0.787566
4,314,0.779234
4,315,0.791659
4,316,0.780343
4,317,0.778196
4,318,0.776434
4,319,0.763341
4,320,0.76523
4,321,0.760854
4,322,0.748517
4,323,0.729286
4,324,0.725346
4,325,0.717616
4,326,0.692168
4,327,0.682642
4,328,0.678087
4,329,0.66061
4,330,0.646366
4,331,0.638166
4,332,0.615992
4,333,0.601402
4,334,0.595872
4,335,0.566284
4,336,0.548266
4,337,0.539328
4,338,0.524873
4,339,0.50613
4,340,0.490151
4,341,0.493449
4,342,0.471542
4,343,0.454822
4,344,0.451993
4,345,0.436963
4,346,0.42702
4,347,0.42256
4,348,0.405979
4,349,0.407231
4,350,0.40892
4,351,0.396845
4,352,0.388528
4,353,0.384473
4,354,0.382305
4,355,0.38118
4,356,0.379416
4,357,0.385224
4,358,0.372529
4,359,0.385906
4,360,0.381214
4,361,0.386741
4,362,0.38176
4,363,0.396426
4,364,0.399137
4,365,0.401185
4,366,0.392881
4,367,0.408198
4,368,0.410251
4,369,0.404733
4,370,0.416736
4,371,0.422987
4,372,0.428275
4,373,0.430744
4,374,0.435517
4,375,0.445349
4,376,0.448073
4,377,0.431923
4,378,0.447794
4,379,0.451761
4,380,0.446984
4,381,0.45856
4,382,0.466431
4,383,0.456989
4,384,0.465408
4,385,0.460433
4,386,0.462302
4,387,0.47299
4,388,0.46299
4,389,0.467225
4,390,0.454794
4,391,0.471361
4,392,0.46322
4,393,0.456923
4,394,0.45766
4,395,0.444624
4,396,0.453369
4,397,0.441775
4,398,0.437653
4,399,0.43114
4,400,0.425192
4,401,0.425487
4,402,0.417094
4,403,0.412408
4,404,0.402266
4,405,0.397561
4,406,0.385512
4,407,0.390589
4,408,0.364129
4,409,0.369631
4,410,0.361727
4,411,0.34236
4,412,0.348595
4,413,0.333762
4,414,0.32471
4,415,0.31113
4,416,0.300895
4,417,0.291869
4,418,0.28572
4,419,0.281591
4,420,0.266676
4,421,0.252445
4,422,0.252032
4,423,0.243764
4,424,0.233853
4,425,0.225813
4,426,0.212548
4,427,0.201187
4,428,0.193494
4,429,0.181969
4,430,0.18346
4,431,0.174511
4,432,0.165601
4,433,0.146429
4,434,0.147994
4,435,0.152993
4,436,0.138058
4,437,0.137006
4,438,0.12271
4,439,0.130892
4,440,0.117888
4,441,0.114911
4,442,0.119943
4,443,0.11139
4,444,0.09814
4,445,0.092571
4,446,0.089909
4,447,0.090215
4,448,0.083682
4,449,0.078926
4,450,0.084814
4,451,0.074165
4,452,0.083093
4,453,0.069748
4,454,0.075519
4,455,0.066286
4,456,0.067077
4,457,0.056876
4,458,0.054376
4,459,0.05901
4,460,0.059955
4,461,0.053843
4,462,0.046001
4,463,0.044343
4,464,0.042814
4,465,0.040046
4,466,0.04813
4,467,0.052107
4,468,0.045698
4,469,0.033974
4,470,0.043273
4,471,0.042716
4,472,0.053045
4,473,0.035204
4,474,0.039839
4,475,0.049519
4,476,0.042961
4,477,0.043087
4,478,0.040518
4,479,0.041204
4,480,0.043047
4,481,0.035037
4,482,0.042951
4,483,0.031764
4,484,0.03979
4,485,0.038847
4,486,0.034789
4,487,0.037491
4,488,0.034414
4,489,0.032085
4,490,0.035437
4,491,0.031673
4,492,0.038494
4,493,0.031247
4,494,0.040207
4,495,0.030942
4,496,0.033871
4,497,0.03354
4,498,0.042971
4,499,0.038115
4,500,0.035468
5,200,0.022149
5,201,0.013868
5,202,0.029616
5,203,0.046323
5,204,0.044929
5,205,0.053783
5,206,0.066795
5,207,0.080719
5,208,0.080269
5,209,0.097374
5,210,0.123976
5,211,0.1383
5,212,0.168781
5,213,0.182605
5,214,0.197672
5,215,0.224989
5,216,0.242324
5,217,0.279717
5,218,0.304819
5,219,0.328058
5,220,0.359041
5,221,0.381953
5,222,0.395939
5,223,0.405121
5,224,0.435532
5,225,0.449777
5,226,0.46077
5,227,0.47395
5,228,0.470906
5,229,0.492008
5,230,0.480772
5,231,0.490924
5,232,0.479107
5,233,0.481885
5,234,0.492098
5,235,0.48077
5,236,0.483252
5,237,0.477087
5,238,0.472148
5,239,0.476207
5,240,0.465199
5,241,0.454602
5,242,0.456589
5,243,0.460508
5,244,0.456961
5,245,0.444398
5,246,0.445535
5,247,0.442955
5,248,0.440408
5,249,0.431406
5,250,0.430665
5,251,0.425284
5,252,0.427371
5,253,0.421809
5,254,0.410973
5,255,0.40334
5,256,0.399338
5,257,0.387856
5,258,0.379454
5,259,0.373799
5,260,0.368836
5,261,0.36006
5,262,0.360869
5,263,0.358444
5,264,0.342358
5,265,0.346379
5,266,0.341964
5,267,0.342342
5,268,0.339041
5,269,0.331257
5,270,0.332452
5,271,0.340018
5,272,0.347076
5,273,0.334098
5,274,0.350748
5,275,0.359841
5,276,0.359038
5,277,0.369251
5,278,0.370671
5,279,0.382035
5,280,0.383927
5,281,0.390481
5,282,0.417653
5,283,0.4198
5,284,0.434828
5,285,0.443331
5,286,0.456981
5,287,0.477481
5,288,0.489698
5,289,0.510667
5,290,0.527003
5,291,0.542737
5,292,0.559066
5,293,0.582706
5,294,0.586851
5,295,0.609209
5,296,0.632471
5,297,0.650461
5,298,0.654368
5,299,0.676796
5,300,0.701647
5,301,0.713582
5,302,0.727614
5,303,0.740485
5,304,0.753807
5,305,0.770401
5,306,0.78003
5,307,0.792306
5,308,0.802993
5,309,0.808108
5,310,0.821644
5,311,0.839609
5,312,0.821181
5,313,0.834875
5,314,0.831329
5,315,0.838248
5,316,0.834413
5,317,0.835232
5,318,0.83307
5,319,0.822544
5,320,0.820113
5,321,0.794489
5,322,0.804219
5,323,0.787272
5,324,0.778682
5,325,0.754224
5,326,0.742123
5,327,0.732106
5,328,0.715747
5,329,0.701089
5,330,0.688439
5,331,0.657388
5,332,0.653742
5,333,0.63167
5,334,0.613333
5,335,0.589901
5,336,0.582729
5,337,0.551706
5,338,0.550683
5,339,0.524458
5,340,0.517064
5,341,0.501857
5,342,0.494624
5,343,0.475159
5,344,0.460668
5,345,0.450548
5,346,0.449228
5,347,0.436418
5,348,0.423658
5,349,0.417167
5,350,0.40433
5,351,0.408706
5,352,0.39374
5,353,0.402741
5,354,0.397143
5,355,0.406661
5,356,0.388603
5,357,0.393508
5,358,0.403626
5,359,0.402042
5,360,0.394773
5,361,0.401982
5,362,0.404084
5,363,0.409154
5,364,0.408421
5,365,0.415922
5,366,0.413268
5,367,0.426905
5,368,0.433734
5,369,0.435807
5,370,0.434467
5,371,0.452906
5,372,0.455381
5,373,0.455494
5,374,0.463101
5,375,0.462327
5,376,0.469746
5,377,0.476995
5,378,0.490299
5,379,0.485329
5,380,0.495584
5,381,0.493317
5,382,0.500367
5,383,0.501181
5,384,0.508491
5,385,0.503358
5,386,0.499571
5,387,0.501358
5,388,0.505895
5,389,0.502163
5,390,0.509653
5,391,0.504076
5,392,0.516341
5,393,0.493696
5,394,0.500454
5,395,0.490506
5,396,0.489763
5,397,0.488516
5,398,0.471441
5,399,0.478753
5,400,0.481171
5,401,0.463257
5,402,0.460095
5,403,0.456787
5,404,0.443436
5,405,0.433544
5,406,0.417003
5,407,0.422956
5,408,0.410478
5,409,0.397029
5,410,0.393435
5,411,0.380497
5,412,0.371175
5,413,0.367048
5,414,0.34758
5,415,0.349437
5,416,0.327348
5,417,0.320948
5,418,0.32369
5,419,0.309731
5,420,0.294654
5,421,0.2796
5,422,0.271797
5,423,0.265046
5,424,0.255264
5,425,0.245169
5,426,0.236166
5,427,0.226136
5,428,0.211134
5,429,0.206982
5,430,0.205546
5,431,0.185971
5,432,0.183748
5,433,0.172822
5,434,0.169864
5,435,0.160084
5,436,0.162259
5,437,0.150668
5,438,0.135147
5,439,0.138684
5,440,0.125528
5,441,0.120758
5,442,0.119673
5,443,0.110453
5,444,0.112314
5,445,0.099329
5,446,0.095598
5,447,0.091147
5,448,0.087558
5,449,0.091973
5,450,0.086046
5,451,0.087997
5,452,0.08756
5,453,0.068249
5,454,0.070876
5,455,0.062071
5,456,0.061569
5,457,0.059986
5,458,0.055716
5,459,0.053728
5,460,0.056339
5,461,0.04929
5,462,0.057847
5,463,0.047638
5,464,0.06467
5,465,0.047251
5,466,0.048639
5,467,0.040769
5,468,0.054584
5,469,0.050737
5,470,0.045797
5,471,0.036865
5,472,0.043825
5,473,0.036557
5,474,0.048706
5,475,0.044901
5,476,0.040845
5,477,0.027843
5,478,0.034585
5,479,0.042444
5,480,0.044673
5,481,0.043825
5,482,0.030164
5,483,0.039252
5,484,0.042533
5,485,0.029089
5,486,0.03705
5,487,0.038265
5,488,0.035267
5,489,0.02746
5,490,0.034889
5,491,0.034781
5,492,0.035584
5,493,0.033463
5,494,0.034008
5,495,0.035966
5,496,0.038328
5,497,0.034628
5,498,0.034114
5,499,0.036615
5,500,0.026693
6,200,0.019866
6,201,0.02113
6,202,0.025741
6,203,0.035633
6,204,0.027183
6,205,0.034359
6,206,0.054121
6,207,0.062411
6,208,0.074333
6,209,0.083551
6,210,0.103008
6,211,0.119514
6,212,0.133722
6,213,0.14765
6,214,0.157101
6,215,0.191216
6,216,0.213799
6,217,0.23162
6,218,0.244824
6,219,0.273383
6,220,0.294642
6,221,0.317777
6,222,0.324188
6,223,0.344949
6,224,0.365983
6,225,0.377151
6,226,0.384304
6,227,0.403477
6,228,0.414185
6,229,0.420084
6,230,0.42771
6,231,0.430997
6,232,0.444322
6,233,0.435982
6,234,0.440404
6,235,0.445621
6,236,0.451682
6,237,0.441
6,238,0.442877
6,239,0.439845
6,240,0.450596
6,241,0.444813
6,242,0.448152
6,243,0.452639
6,244,0.444809
6,245,0.447365
6,246,0.442221
6,247,0.443946
6,248,0.439054
6,249,0.428522
6,250,0.425739
6,251,0.425689
6,252,0.415572
6,253,0.399097
6,254,0.401431
6,255,0.384248
6,256,0.388085
6,257,0.377222
6,258,0.364577
6,259,0.355057
6,260,0.344598
6,261,0.340819
6,262,0.327787
6,263,0.323704
6,264,0.320492
6,265,0.307678
6,266,0.302704
6,267,0.296062
6,268,0.294009
6,269,0.288526
6,270,0.300867
6,271,0.306889
6,272,0.306686
6,273,0.294199
6,274,0.310044
6,275,0.318699
6,276,0.315507
6,277,0.325683
6,278,0.323513
6,279,0.344464
6,280,0.348298
6,281,0.366184
6,282,0.369814
6,283,0.393826
6,284,0.410561
6,285,0.41662
6,286,0.430799
6,287,0.442378
6,288,0.469292
6,289,0.485743
6,290,0.499467
6,291,0.528654
6,292,0.543625
6,293,0.560325
6,294,0.583041
6,295,0.611463
6,296,0.629389
6,297,0.645922
6,298,0.669743
6,299,0.680546
6,300,0.70591
6,301,0.725324
6,302,0.740409
6,303,0.762396
6,304,0.772826
6,305,0.794878
6,306,0.809544
6,307,0.805331
6,308,0.837949
6,309,0.827171
6,310,0.848492
6,311,0.864297
6,312,0.863485
6,313,0.862008
6,314,0.866516
6,315,0.878132
6,316,0.862538
6,317,0.875453
6,318,0.865391
6,319,0.85394
6,320,0.849704
6,321,0.838706
6,322,0.837937
6,323,0.825664
6,324,0.800474
6,325,0.793099
6,326,0.775757
6,327,0.770672
6,328,0.740641
6,329,0.738132
6,330,0.711989
6,331,0.688019
6,332,0.671915
6,333,0.652623
6,334,0.631584
6,335,0.619952
6,336,0.595022
6,337,0.572323
6,338,0.563958
6,339,0.53994
6,340,0.529041
6,341,0.512813
6,342,0.498388
6,343,0.499115
6,344,0.47654
6,345,0.465688
6,346,0.44473
6,347,0.440643
6,348,0.436345
6,349,0.422501
6,350,0.425694
6,351,0.409596
6,352,0.409778
6,353,0.40486
6,354,0.406219
6,355,0.400706
6,356,0.40202
6,357,0.402518
6,358,0.401155
6,359,0.409206
6,360,0.410591
6,361,0.412228
6,362,0.414387
6,363,0.424978
6,364,0.42467
6,365,0.429615
6,366,0.437338
6,367,0.451291
6,368,0.442173
6,369,0.45913
6,370,0.452171
6,371,0.469289
6,372,0.482615
6,373,0.483579
6,374,0.488301
6,375,0.490783
6,376,0.499716
6,377,0.503994
6,378,0.506716
6,379,0.514288
6,380,0.521449
6,381,0.520888
6,382,0.524553
6,383,0.525163
6,384,0.536883
6,385,0.540055
6,386,0.540338
6,387,0.545343
6,388,0.541677
6,389,0.543384
6,390,0.542536
6,391,0.539555
6,392,0.535765
6,393,0.547415
6,394,0.531245
6,395,0.52684
6,396,0.528478
6,397,0.523105
6,398,0.509765
6,399,0.516956
6,400,0.504788
6,401,0.493135
6,402,0.497704
6,403,0.487416
6,404,0.470024
6,405,0.477059
6,406,0.462784
6,407,0.450428
6,408,0.449181
6,409,0.432392
6,410,0.421607
6,411,0.408359
6,412,0.404351
6,413,0.393398
6,414,0.380515
6,415,0.365804
6,416,0.359699
6,417,0.347913
6,418,0.330755
6,419,0.31927
6,420,0.31877
6,421,0.292137
6,422,0.29566
6,423,0.281721
6,424,0.280342
6,425,0.261052
6,426,0.256802
6,427,0.241617
6,428,0.234521
6,429,0.228205
6,430,0.212945
6,431,0.211305
6,432,0.192552
6,433,0.19056
6,434,0.185509
6,435,0.176245
6,436,0.174903
6,437,0.154025
6,438,0.143817
6,439,0.138926
6,440,0.140708
6,441,0.133621
6,442,0.125637
6,443,0.113752
6,444,0.117815
6,445,0.102606
6,446,0.109679
6,447,0.113557
6,448,0.096594
6,449,0.0935
6,450,0.084132
6,451,0.073774
6,452,0.076341
6,453,0.070573
6,454,0.06569
6,455,0.078735
6,456,0.068715
6,457,0.066704
6,458,0.060857
6,459,0.059321
6,460,0.062976
6,461,0.056032
6,462,0.057075
6,463,0.051754
6,464,0.049477
6,465,0.042689
6,466,0.038495
6,467,0.045912
6,468,0.046387
6,469,0.038591
6,470,0.043935
6,471,0.043501
6,472,0.031573
6,473,0.037081
6,474,0.043061
6,475,0.042343
6,476,0.034026
6,477,0.040119
6,478,0.044005
6,479,0.042351
6,480,0.037583
6,481,0.035368
6,482,0.034254
6,483,0.039507
6,484,0.037898
6,485,0.039876
6,486,0.037192
6,487,0.040496
6,488,0.036723
6,489,0.040091
6,490,0.040441
6,491,0.031946
6,492,0.026852
6,493,0.043699
6,494,0.037216
6,495,0.027306
6,496,0.032371
6,497,0.039892
6,498,0.034658
6,499,0.033562
6,500,0.043277
7,200,0.010473
7,201,0.014689
7,202,0.023388
7,203,0.028511
7,204,0.034026
7,205,0.041982
7,206,0.045104
7,207,0.054385
7,208,0.059424
7,209,0.071075
7,210,0.082461
7,211,0.095319
7,212,0.111604
7,213,0.124981
7,214,0.137823
7,215,0.149757
7,216,0.171246
7,217,0.188272
7,218,0.207244
7,219,0.235514
7,220,0.239395
7,221,0.26181
7,222,0.282201
7,223,0.293653
7,224,0.320744
7,225,0.321536
7,226,0.338842
7,227,0.345763
7,228,0.359683
7,229,0.373363
7,230,0.38605
7,231,0.392064
7,232,0.404754
7,233,0.404932
7,234,0.410143
7,235,0.431494
7,236,0.42488
7,237,0.423836
7,238,0.428073
7,239,0.430339
7,240,0.442896
7,241,0.438502
7,242,0.442566
7,243,0.442338
7,244,0.446293
7,245,0.43716
7,246,0.433955
7,247,0.437557
7,248,0.435391
7,249,0.428886
7,250,0.4169
7,251,0.417427
7,252,0.402183
7,253,0.394581
7,254,0.38302
7,255,0.3846
7,256,0.370885
7,257,0.360224
7,258,0.352938
7,259,0.350484
7,260,0.317109
7,261,0.312281
7,262,0.303664
7,263,0.29391
7,264,0.285007
7,265,0.282169
7,266,0.271661
7,267,0.274889
7,268,0.269873
7,269,0.269715
7,270,0.26874
7,271,0.269389
7,272,0.265838
7,273,0.281361
7,274,0.275739
7,275,0.270326
7,276,0.281332
7,277,0.285405
7,278,0.303493
7,279,0.313065
7,280,0.322744
7,281,0.348033
7,282,0.354231
7,283,0.369879
7,284,0.377141
7,285,0.393502
7,286,0.416424
7,287,0.435583
7,288,0.444432
7,289,0.472972
7,290,0.494559
7,291,0.51453
7,292,0.533076
7,293,0.556459
7,294,0.580565
7,295,0.604347
7,296,0.629438
7,297,0.654266
7,298,0.669419
7,299,0.69047
7,300,0.716481
7,301,0.738224
7,302,0.75302
7,303,0.778606
7,304,0.797926
7,305,0.81679
7,306,0.835343
7,307,0.836542
7,308,0.854377
7,309,0.866177
7,310,0.875833
7,311,0.881555
7,312,0.884087
7,313,0.897209
7,314,0.896028
7,315,0.901805
7,316,0.896866
7,317,0.89305
7,318,0.895839
7,319,0.889616
7,320,0.884317
7,321,0.883426
7,322,0.862984
7,323,0.85193
7,324,0.830462
7,325,0.814694
7,326,0.813588
7,327,0.783967
7,328,0.765724
7,329,0.752542
7,330,0.73339
7,331,0.709923
7,332,0.693404
7,333,0.681553
7,334,0.651424
7,335,0.628852
7,336,0.621527
7,337,0.600323
7,338,0.576234
7,339,0.553533
7,340,0.540762
7,341,0.528036
7,342,0.518908
7,343,0.493196
7,344,0.484647
7,345,0.476168
7,346,0.449233
7,347,0.456566
7,348,0.436191
7,349,0.43607
7,350,0.428899
7,351,0.427591
7,352,0.420374
7,353,0.401985
7,354,0.407812
7,355,0.411233
7,356,0.409199
7,357,0.413249
7,358,0.416329
7,359,0.41771
7,360,0.416566
7,361,0.41198
7,362,0.423517
7,363,0.43297
7,364,0.430746
7,365,0.445503
7,366,0.453236
7,367,0.455856
7,368,0.44638
7,369,0.462575
7,370,0.485948
7,371,0.480708
7,372,0.480562
7,373,0.504208
7,374,0.504987
7,375,0.517447
7,376,0.519852
7,377,0.52716
7,378,0.532734
7,379,0.540154
7,380,0.553556
7,381,0.551741
7,382,0.543082
7,383,0.557376
7,384,0.564322
7,385,0.567474
7,386,0.561396
7,387,0.571228
7,388,0.57109
7,389,0.579978
7,390,0.562799
7,391,0.563253
7,392,0.562864
7,393,0.559872
7,394,0.555148
7,395,0.542259
7,396,0.550276
7,397,0.549887
7,398,0.540375
7,399,0.547153
7,400,0.531094
7,401,0.530896
7,402,0.518372
7,403,0.513532
7,404,0.50254
7,405,0.499501
7,406,0.483756
7,407,0.476619
7,408,0.466222
7,409,0.452827
7,410,0.446059
7,411,0.444866
7,412,0.421258
7,413,0.413834
7,414,0.407021
7,415,0.395195
7,416,0.378105
7,417,0.354473
7,418,0.357938
7,419,0.332537
7,420,0.340081
7,421,0.322125
7,422,0.315166
7,423,0.294322
7,424,0.28002
7,425,0.27849
7,426,0.266337
7,427,0.253538
7,428,0.246245
7,429,0.249965
7,430,0.230281
7,431,0.221849
7,432,0.211523
7,433,0.205776
7,434,0.1885
7,435,0.170507
7,436,0.171914
7,437,0.169179
7,438,0.152488
7,439,0.149284
7,440,0.13967
7,441,0.144229
7,442,0.133987
7,443,0.127388
7,444,0.121422
7,445,0.112516
7,446,0.108461
7,447,0.09639
7,448,0.086535
7,449,0.094032
7,450,0.090699
7,451,0.091249
7,452,0.089351
7,453,0.085814
7,454,0.069344
7,455,0.069542
7,456,0.070894
7,457,0.078678
7,458,0.070746
7,459,0.066525
7,460,0.056594
7,461,0.052
7,462,0.058655
7,463,0.047205
7,464,0.049981
7,465,0.049098
7,466,0.056444
7,467,0.045177
7,468,0.033311
7,469,0.047298
7,470,0.040132
7,471,0.043015
7,472,0.041515
7,473,0.039795
7,474,0.044552
7,475,0.032024
7,476,0.03666
7,477,0.042302
7,478,0.035195
7,479,0.029691
7,480,0.040994
7,481,0.043003
7,482,0.036741
7,483,0.026687
7,484,0.040141
7,485,0.02785
7,486,0.037792
7,487,0.031552
7,488,0.030071
7,489,0.033689
7,490,0.034978
7,491,0.032604
7,492,0.038928
7,493,0.033656
7,494,0.041009
7,495,0.037494
7,496,0.032564
7,497,0.0318
7,498,0.027911
7,499,0.037968
7,500,0.034805
8,200,0.002156
8,201,0.014093
8,202,0.015032
8,203,0.03133
8,204,0.01826
8,205,0.024337
8,206,0.04312
8,207,0.050734
8,208,0.04701
8,209,0.055772
8,210,0.071429
8,211,0.066232
8,212,0.079782
8,213,0.100089
8,214,0.122592
8,215,0.126022
8,216,0.143309
8,217,0.163774
8,218,0.184384
8,219,0.186248
8,220,0.205174
8,221,0.230774
8,222,0.229228
8,223,0.25813
8,224,0.262701
8,225,0.283294
8,226,0.295695
8,227,0.305561
8,228,0.318385
8,229,0.33725
8,230,0.352647
8,231,0.357789
8,232,0.369205
8,233,0.381573
8,234,0.382678
8,235,0.400125
8,236,0.408436
8,237,0.424967
8,238,0.415963
8,239,0.42129
8,240,0.432598
8,241,0.436857
8,242,0.4328
8,243,0.435411
8,244,0.441108
8,245,0.433545
8,246,0.434039
8,247,0.433695
8,248,0.434197
8,249,0.420391
8,250,0.407283
8,251,0.399122
8,252,0.393758
8,253,0.383796
8,254,0.3794
8,255,0.362982
8,256,0.354059
8,257,0.341979
8,258,0.331935
8,259,0.329444
8,260,0.314602
8,261,0.300281
8,262,0.287442
8,263,0.27798
8,264,0.273219
8,265,0.266823
8,266,0.252413
8,267,0.251881
8,268,0.236904
8,269,0.245706
8,270,0.247038
8,271,0.241454
8,272,0.253629
8,273,0.24223
8,274,0.252025
8,275,0.256177
8,276,0.2627
8,277,0.270852
8,278,0.281572
8,279,0.296309
8,280,0.311223
8,281,0.317421
8,282,0.336267
8,283,0.344096
8,284,0.368577
8,285,0.37849
8,286,0.407003
8,287,0.432616
8,288,0.441084
8,289,0.451689
8,290,0.482339
8,291,0.514292
8,292,0.533932
8,293,0.555923
8,294,0.583744
8,295,0.605047
8,296,0.632953
8,297,0.655407
8,298,0.682346
8,299,0.699745
8,300,0.725573
8,301,0.741617
8,302,0.761691
8,303,0.794435
8,304,0.806357
8,305,0.827957
8,306,0.84166
8,307,0.853814
8,308,0.871276
8,309,0.891445
8,310,0.897906
8,311,0.895375
8,312,0.910622
8,313,0.926603
8,314,0.919859
8,315,0.913317
8,316,0.932357
8,317,0.923921
8,318,0.915981
8,319,0.908544
8,320,0.908465
8,321,0.890631
8,322,0.888442
8,323,0.872759
8,324,0.857267
8,325,0.841513
8,326,0.82344
8,327,0.812369
8,328,0.784093
8,329,0.761095
8,330,0.753104
8,331,0.733111
8,332,0.711957
8,333,0.691074
8,334,0.666783
8,335,0.652211
8,336,0.627809
8,337,0.60586
8,338,0.587661
8,339,0.58135
8,340,0.544062
8,341,0.538833
8,342,0.511529
8,343,0.504762
8,344,0.48917
8,345,0.467775
8,346,0.469025
8,347,0.45455
8,348,0.436318
8,349,0.443561
8,350,0.439794
8,351,0.434403
8,352,0.424003
8,353,0.419014
8,354,0.423451
8,355,0.424128
8,356,0.421127
8,357,0.411151
8,358,0.418868
8,359,0.422735
8,360,0.414443
8,361,0.430486
8,362,0.444723
8,363,0.441654
8,364,0.451973
8,365,0.451689
8,366,0.45719
8,367,0.466719
8,368,0.4679
8,369,0.474737
8,370,0.494089
8,371,0.502432
8,372,0.497902
8,373,0.515833
8,374,0.517935
8,375,0.527578
8,376,0.535393
8,377,0.545081
8,378,0.546905
8,379,0.560021
8,380,0.560067
8,381,0.567034
8,382,0.564274
8,383,0.584178
8,384,0.579137
8,385,0.583587
8,386,0.574074
8,387,0.580131
8,388,0.592199
8,389,0.587926
8,390,0.576486
8,391,0.591235
8,392,0.581693
8,393,0.589919
8,394,0.579485
8,395,0.577734
8,396,0.578892
8,397,0.563519
8,398,0.557853
8,399,0.556233
8,400,0.555216
8,401,0.53706
8,402,0.527856
8,403,0.532885
8,404,0.51701
8,405,0.509214
8,406,0.492263
8,407,0.488688
8,408,0.482113
8,409,0.476598
8,410,0.457032
8,411,0.458728
8,412,0.435336
8,413,0.423961
8,414,0.423988
8,415,0.405408
8,416,0.389665
8,417,0.379906
8,418,0.375906
8,419,0.364637
8,420,0.340909
8,421,0.333171
8,422,0.322171
8,423,0.304981
8,424,0.298383
8,425,0.28741
8,426,0.28221
8,427,0.271643
8,428,0.252933
8,429,0.243062
8,430,0.237412
8,431,0.220934
8,432,0.217353
8,433,0.204411
8,434,0.190688
8,435,0.181919
8,436,0.185912
8,437,0.169327
8,438,0.170768
8,439,0.151929
8,440,0.148817
8,441,0.152769
8,442,0.128097
8,443,0.117326
8,444,0.127828
8,445,0.111015
8,446,0.109703
8,447,0.101528
8,448,0.101023
8,449,0.089984
8,450,0.089572
8,451,0.088677
8,452,0.077146
8,453,0.075054
8,454,0.07342
8,455,0.064529
8,456,0.066726
8,457,0.066699
8,458,0.061339
8,459,0.059531
8,460,0.058537
8,461,0.053083
8,462,0.058117
8,463,0.060162
8,464,0.048561
8,465,0.051942
8,466,0.046723
8,467,0.048551
8,468,0.05359
8,469,0.046969
8,470,0.034062
8,471,0.044745
8,472,0.047965
8,473,0.039627
8,474,0.045286
8,475,0.035887
8,476,0.031193
8,477,0.039182
8,478,0.028862
8,479,0.036388
8,480,0.044014
8,481,0.027075
8,482,0.03012
8,483,0.031211
8,484,0.036098
8,485,0.034396
8,486,0.0435
8,487,0.041119
8,488,0.038693
8,489,0.036863
8,490,0.038171
8,491,0.03167
8,492,0.040692
8,493,0.030512
8,494,0.040762
8,495,0.042709
8,496,0.037763
8,497,0.035897
8,498,0.039066
8,499,0.022247
8,500,0.038925
9,200,0.012705
9,201,0.014955
9,202,0.021276
9,203,0.019895
9,204,0.017525
9,205,0.026676
9,206,0.032288
9,207,0.03775
9,208,0.043973
9,209,0.055407
9,210,0.051771
9,211,0.066955
9,212,0.082233
9,213,0.07644
9,214,0.09766
9,215,0.105471
9,216,0.119203
9,217,0.129616
9,218,0.147315
9,219,0.172231
9,220,0.17038
9,221,0.185731
9,222,0.200012
9,223,0.23108
9,224,0.234423
9,225,0.251538
9,226,0.26412
9,227,0.275551
9,228,0.293281
9,229,0.321155
9,230,0.328697
9,231,0.329552
9,232,0.349787
9,233,0.353719
9,234,0.35993
9,235,0.38536
9,236,0.396046
9,237,0.404638
9,238,0.404973
9,239,0.41403
9,240,0.425323
9,241,0.42875
9,242,0.42871
9,243,0.425049
9,244,0.435708
9,245,0.440882
9,246,0.427426
9,247,0.43431
9,248,0.428388
9,249,0.42491
9,250,0.418525
9,251,0.401953
9,252,0.387672
9,253,0.383041
9,254,0.379385
9,255,0.359952
9,256,0.346832
9,257,0.328265
9,258,0.334529
9,259,0.317043
9,260,0.304465
9,261,0.2937
9,262,0.280448
9,263,0.265707
9,264,0.256672
9,265,0.246865
9,266,0.255845
9,267,0.238828
9,268,0.228752
9,269,0.230392
9,270,0.220714
9,271,0.233658
9,272,0.223279
9,273,0.232032
9,274,0.239116
9,275,0.241084
9,276,0.246595
9,277,0.254653
9,278,0.264222
9,279,0.272781
9,280,0.286127
9,281,0.310337
9,282,0.317174
9,283,0.330057
9,284,0.349123
9,285,0.376434
9,286,0.393967
9,287,0.414111
9,288,0.431427
9,289,0.458295
9,290,0.475033
9,291,0.500885
9,292,0.531744
9,293,0.555998
9,294,0.571222
9,295,0.597133
9,296,0.627535
9,297,0.661317
9,298,0.667007
9,299,0.703265
9,300,0.718623
9,301,0.746033
9,302,0.770151
9,303,0.791606
9,304,0.811684
9,305,0.834021
9,306,0.849277
9,307,0.861035
9,308,0.888019
9,309,0.901301
9,310,0.913441
9,311,0.910624
9,312,0.928286
9,313,0.936239
9,314,0.931156
9,315,0.938627
9,316,0.937908
9,317,0.946239
9,318,0.942661
9,319,0.917708
9,320,0.931958
9,321,0.904322
9,322,0.903114
9,323,0.89022
9,324,0.865489
9,325,0.857729
9,326,0.837684
9,327,0.823267
9,328,0.80271
9,329,0.788222
9,330,0.762068
9,331,0.740113
9,332,0.725852
9,333,0.702019
9,334,0.681732
9,335,0.653398
9,336,0.630745
9,337,0.613072
9,338,0.593141
9,339,0.58162
9,340,0.564427
9,341,0.541106
9,342,0.533146
9,343,0.517482
9,344,0.497282
9,345,0.478548
9,346,0.479354
9,347,0.460001
9,348,0.451549
9,349,0.440884
9,350,0.431016
9,351,0.422231
9,352,0.428868
9,353,0.41805
9,354,0.43626
9,355,0.413245
9,356,0.412359
9,357,0.422764
9,358,0.430159
9,359,0.425285
9,360,0.431697
9,361,0.423379
9,362,0.434741
9,363,0.438448
9,364,0.440455
9,365,0.457961
9,366,0.452704
9,367,0.465171
9,368,0.477186
9,369,0.483677
9,370,0.498361
9,371,0.506117
9,372,0.517467
9,373,0.524882
9,374,0.534977
9,375,0.536771
9,376,0.545998
9,377,0.554415
9,378,0.559425
9,379,0.563149
9,380,0.569638
9,381,0.57274
9,382,0.58447
9,383,0.586356
9,384,0.587384
9,385,0.590834
9,386,0.59075
9,387,0.604531
9,388,0.601278
9,389,0.597135
9,390,0.606158
9,391,0.598379
9,392,0.592681
9,393,0.603644
9,394,0.592795
9,395,0.590205
9,396,0.58865
9,397,0.589889
9,398,0.578699
9,399,0.566371
9,400,0.569138
9,401,0.556632
9,402,0.561597
9,403,0.543441
9,404,0.522954
9,405,0.527572
9,406,0.52642
9,407,0.51449
9,408,0.505488
9,409,0.479682
9,410,0.478914
9,411,0.458972
9,412,0.452466
9,413,0.432805
9,414,0.42424
9,415,0.412041
9,416,0.408255
9,417,0.395537
9,418,0.380525
9,419,0.359661
9,420,0.352954
9,421,0.338495
9,422,0.334986
9,423,0.324659
9,424,0.312186
9,425,0.290917
9,426,0.268914
9,427,0.262783
9,428,0.268618
9,429,0.248129
9,430,0.235701
9,431,0.238077
9,432,0.226045
9,433,0.209727
9,434,0.198597
9,435,0.190311
9,436,0.183385
9,437,0.182145
9,438,0.167705
9,439,0.161434
9,440,0.156222
9,441,0.136583
9,442,0.139857
9,443,0.127682
9,444,0.109604
9,445,0.105661
9,446,0.105843
9,447,0.108647
9,448,0.101313
9,449,0.096843
9,450,0.101632
9,451,0.080255
9,452,0.082777
9,453,0.080723
9,454,0.07163
9,455,0.072332
9,456,0.060568
9,457,0.073595
9,458,0.059783
9,459,0.071625
9,460,0.058331
9,461,0.061767
9,462,0.054014
9,463,0.052267
9,464,0.047614
9,465,0.049758
9,466,0.049359
9,467,0.042188
9,468,0.044468
9,469,0.040792
9,470,0.055211
9,471,0.04164
9,472,0.049487
9,473,0.039527
9,474,0.041283
9,475,0.032324
9,476,0.036444
9,477,0.03948
9,478,0.04638
9,479,0.038816
9,480,0.04469
9,481,0.040517
9,482,0.045556
9,483,0.036469
9,484,0.04934
9,485,0.034025
9,486,0.032494
9,487,0.030132
9,488,0.048918
9,489,0.04095
9,490,0.034905
9,491,0.043387
9,492,0.040524
9,493,0.047431
9,494,0.028956
9,495,0.035918
9,496,0.035053
9,497,0.027237
9,498,0.043523
9,499,0.036687
9,500,0.042267
