wavelength_nm,t00,t01,t02,t03,t04,t05,t06,t07,t08,t09
200,0.057863,0.036469,0.040095,0.035062,0.019709,0.022149,0.019866,0.010473,0.002156,0.012705
201,0.067627,0.059664,0.040656,0.031913,0.025406,0.013868,0.02113,0.014689,0.014093,0.014955
202,0.094913,0.069,0.052081,0.053638,0.032235,0.029616,0.025741,0.023388,0.015032,0.021276
203,0.118886,0.088012,0.071349,0.05345,0.039812,0.046323,0.035633,0.028511,0.03133,0.019895
204,0.133346,0.104586,0.088714,0.061132,0.065096,0.044929,0.027183,0.034026,0.01826,0.017525
205,0.168533,0.132687,0.106403,0.082442,0.067106,0.053783,0.034359,0.041982,0.024337,0.026676
206,0.212413,0.168968,0.118652,0.094248,0.083472,0.066795,0.054121,0.045104,0.04312,0.032288
207,0.253338,0.198671,0.154541,0.115597,0.092279,0.080719,0.062411,0.054385,0.050734,0.03775
208,0.303273,0.241306,0.176055,0.143512,0.111313,0.080269,0.074333,0.059424,0.04701,0.043973
209,0.353801,0.280525,0.214286,0.169387,0.128431,0.097374,0.083551,0.071075,0.055772,0.055407
210,0.421458,0.323218,0.242186,0.191543,0.140808,0.123976,0.103008,0.082461,0.071429,0.051771
211,0.486096,0.379364,0.289794,0.229522,0.170814,0.1383,0.119514,0.095319,0.066232,0.066955
212,0.552671,0.427207,0.325701,0.262969,0.194427,0.168781,0.133722,0.111604,0.079782,0.082233
213,0.631127,0.485919,0.367729,0.298958,0.219683,0.182605,0.14765,0.124981,0.100089,0.07644
214,0.704734,0.540036,0.423259,0.330918,0.253576,0.197672,0.157101,0.137823,0.122592,0.09766
215,0.777016,0.60242,0.468504,0.372303,0.29561,0.224989,0.191216,0.149757,0.126022,0.105471
216,0.861062,0.660022,0.512436,0.394799,0.319359,0.242324,0.213799,0.171246,0.143309,0.119203
217,0.932319,0.728098,0.569645,0.440114,0.356367,0.279717,0.23162,0.188272,0.163774,0.129616
218,1.014878,0.776472,0.607033,0.47458,0.382239,0.304819,0.244824,0.207244,0.184384,0.147315
219,1.080358,0.840509,0.65322,0.514874,0.413276,0.328058,0.273383,0.235514,0.186248,0.172231
220,1.143117,0.886555,0.695105,0.544982,0.432904,0.359041,0.294642,0.239395,0.205174,0.17038
221,1.196402,0.937614,0.727646,0.577459,0.465696,0.381953,0.317777,0.26181,0.230774,0.185731
222,1.251251,0.973745,0.764576,0.614316,0.490184,0.395939,0.324188,0.282201,0.229228,0.200012
223,1.280954,1.009095,0.786172,0.627676,0.504579,0.405121,0.344949,0.293653,0.25813,0.23108
224,1.304385,1.026263,0.807006,0.649259,0.527771,0.435532,0.365983,0.320744,0.262701,0.234423
225,1.317635,1.029189,0.829221,0.660392,0.542219,0.449777,0.377151,0.321536,0.283294,0.251538
226,1.322609,1.040779,0.82543,0.671379,0.547862,0.46077,0.384304,0.338842,0.295695,0.26412
227,1.311154,1.031723,0.820082,0.675917,0.552799,0.47395,0.403477,0.345763,0.305561,0.275551
228,1.289544,1.022479,0.83388,0.678434,0.556996,0.470906,0.414185,0.359683,0.318385,0.293281
229,1.257593,1.01195,0.827617,0.678124,0.564651,0.492008,0.420084,0.373363,0.33725,0.321155
230,1.224255,0.981373,0.798142,0.672993,0.564588,0.480772,0.42771,0.38605,0.352647,0.328697
231,1.164186,0.942996,0.771073,0.656017,0.555567,0.490924,0.430997,0.392064,0.357789,0.329552
232,1.109149,0.904801,0.755369,0.644175,0.55401,0.479107,0.444322,0.404754,0.369205,0.349787
233,1.048979,0.86959,0.729656,0.620753,0.549597,0.481885,0.435982,0.404932,0.381573,0.353719
234,0.994083,0.821844,0.702671,0.609381,0.541684,0.492098,0.440404,0.410143,0.382678,0.35993
235,0.934237,0.781563,0.670184,0.597143,0.537398,0.48077,0.445621,0.431494,0.400125,0.38536
236,0.867255,0.743669,0.650024,0.579517,0.526946,0.483252,0.451682,0.42488,0.408436,0.396046
237,0.804801,0.706549,0.622507,0.559497,0.506799,0.477087,0.441,0.423836,0.424967,0.404638
238,0.749131,0.665357,0.587249,0.546608,0.511056,0.472148,0.442877,0.428073,0.415963,0.404973
239,0.7045,0.6164,0.573644,0.529745,0.492033,0.476207,0.439845,0.430339,0.42129,0.41403
240,0.658909,0.596251,0.558436,0.519523,0.492068,0.465199,0.450596,0.442896,0.432598,0.425323
241,0.617819,0.567097,0.530677,0.503102,0.480438,0.454602,0.444813,0.438502,0.436857,0.42875
242,0.57834,0.544769,0.512045,0.489543,0.471973,0.456589,0.448152,0.442566,0.4328,0.42871
243,0.554614,0.53065,0.499448,0.483945,0.459785,0.460508,0.452639,0.442338,0.435411,0.425049
244,0.532545,0.498329,0.492156,0.461005,0.462974,0.456961,0.444809,0.446293,0.441108,0.435708
245,0.517462,0.493678,0.472884,0.47084,0.452039,0.444398,0.447365,0.43716,0.433545,0.440882
246,0.510531,0.491473,0.475795,0.446926,0.460557,0.445535,0.442221,0.433955,0.434039,0.427426
247,0.502997,0.477336,0.469358,0.452498,0.459799,0.442955,0.443946,0.437557,0.433695,0.43431
248,0.50519,0.490309,0.477847,0.46018,0.445344,0.440408,0.439054,0.435391,0.434197,0.428388
249,0.506824,0.486905,0.468008,0.458359,0.447556,0.431406,0.428522,0.428886,0.420391,0.42491
250,0.515909,0.493138,0.477591,0.44918,0.439449,0.430665,0.425739,0.4169,0.407283,0.418525
251,0.528709,0.492668,0.466698,0.450402,0.436732,0.425284,0.425689,0.417427,0.399122,0.401953
252,0.53323,0.506706,0.47757,0.459718,0.440239,0.427371,0.415572,0.402183,0.393758,0.387672
253,0.554442,0.51689,0.479974,0.450483,0.43284,0.421809,0.399097,0.394581,0.383796,0.383041
254,0.571581,0.523115,0.478601,0.46323,0.437875,0.410973,0.401431,0.38302,0.3794,0.379385
255,0.589955,0.533968,0.488074,0.45237,0.423355,0.40334,0.384248,0.3846,0.362982,0.359952
256,0.611667,0.545544,0.497773,0.454229,0.426722,0.399338,0.388085,0.370885,0.354059,0.346832
257,0.640317,0.552122,0.495633,0.459952,0.41847,0.387856,0.377222,0.360224,0.341979,0.328265
258,0.650691,0.567392,0.494402,0.452892,0.418005,0.379454,0.364577,0.352938,0.331935,0.334529
259,0.679993,0.579414,0.507474,0.44759,0.4082,0.373799,0.355057,0.350484,0.329444,0.317043
260,0.688928,0.593859,0.508607,0.452051,0.406522,0.368836,0.344598,0.317109,0.314602,0.304465
261,0.71547,0.608507,0.516505,0.452747,0.402829,0.36006,0.340819,0.312281,0.300281,0.2937
262,0.737611,0.610626,0.52299,0.446924,0.396267,0.360869,0.327787,0.303664,0.287442,0.280448
263,0.758682,0.62614,0.520628,0.452926,0.400858,0.358444,0.323704,0.29391,0.27798,0.265707
264,0.777527,0.644338,0.526244,0.451557,0.39856,0.342358,0.320492,0.285007,0.273219,0.256672
265,0.795166,0.644487,0.541199,0.460713,0.396543,0.346379,0.307678,0.282169,0.266823,0.246865
266,0.806168,0.653962,0.541577,0.457967,0.399931,0.341964,0.302704,0.271661,0.252413,0.255845
267,0.820566,0.667927,0.537028,0.458252,0.398901,0.342342,0.296062,0.274889,0.251881,0.238828
268,0.840095,0.679516,0.557611,0.461207,0.390058,0.339041,0.294009,0.269873,0.236904,0.228752
269,0.847558,0.683674,0.560026,0.465211,0.394349,0.331257,0.288526,0.269715,0.245706,0.230392
270,0.853393,0.697,0.560108,0.469847,0.390827,0.332452,0.300867,0.26874,0.247038,0.220714
271,0.863221,0.70138,0.561852,0.465225,0.395954,0.340018,0.306889,0.269389,0.241454,0.233658
272,0.871796,0.707097,0.576339,0.468428,0.395586,0.347076,0.306686,0.265838,0.253629,0.223279
273,0.884175,0.710778,0.578322,0.482374,0.409692,0.334098,0.294199,0.281361,0.24223,0.232032
274,0.88695,0.723116,0.591918,0.479162,0.407583,0.350748,0.310044,0.275739,0.252025,0.239116
275,0.892141,0.71488,0.586642,0.478688,0.409406,0.359841,0.318699,0.270326,0.256177,0.241084
276,0.888187,0.709196,0.590203,0.492157,0.421551,0.359038,0.315507,0.281332,0.2627,0.246595
277,0.890261,0.727504,0.591126,0.497125,0.411138,0.369251,0.325683,0.285405,0.270852,0.254653
278,0.890181,0.718984,0.59905,0.492761,0.418438,0.370671,0.323513,0.303493,0.281572,0.264222
279,0.882204,0.721726,0.60128,0.506552,0.439224,0.382035,0.344464,0.313065,0.296309,0.272781
280,0.880334,0.726613,0.607148,0.514618,0.443382,0.383927,0.348298,0.322744,0.311223,0.286127
281,0.868484,0.711875,0.60161,0.518797,0.452604,0.390481,0.366184,0.348033,0.317421,0.310337
282,0.861577,0.711392,0.604597,0.526168,0.453801,0.417653,0.369814,0.354231,0.336267,0.317174
283,0.851871,0.707018,0.606822,0.522843,0.469517,0.4198,0.393826,0.369879,0.344096,0.330057
284,0.837295,0.707315,0.615051,0.53773,0.489264,0.434828,0.410561,0.377141,0.368577,0.349123
285,0.832745,0.70898,0.620526,0.541555,0.493941,0.443331,0.41662,0.393502,0.37849,0.376434
286,0.815202,0.70483,0.613432,0.547767,0.501639,0.456981,0.430799,0.416424,0.407003,0.393967
287,0.803108,0.698665,0.615567,0.561508,0.510008,0.477481,0.442378,0.435583,0.432616,0.414111
288,0.790031,0.685452,0.620931,0.571909,0.521968,0.489698,0.469292,0.444432,0.441084,0.431427
289,0.773874,0.675491,0.62017,0.581111,0.525678,0.510667,0.485743,0.472972,0.451689,0.458295
290,0.758145,0.680173,0.627598,0.586711,0.54975,0.527003,0.499467,0.494559,0.482339,0.475033
291,0.73739,0.671319,0.614414,0.587974,0.565398,0.542737,0.528654,0.51453,0.514292,0.500885
292,0.718117,0.668933,0.622874,0.598379,0.5667,0.559066,0.543625,0.533076,0.533932,0.531744
293,0.701466,0.663221,0.624871,0.608675,0.58441,0.582706,0.560325,0.556459,0.555923,0.555998
294,0.675756,0.653689,0.619468,0.614009,0.59543,0.586851,0.583041,0.580565,0.583744,0.571222
295,0.65819,0.649524,0.627606,0.622522,0.609887,0.609209,0.611463,0.604347,0.605047,0.597133
296,0.640032,0.640036,0.62962,0.634308,0.628388,0.632471,0.629389,0.629438,0.632953,0.627535
297,0.622808,0.63437,0.634732,0.638553,0.63152,0.650461,0.645922,0.654266,0.655407,0.661317
298,0.61053,0.621696,0.642625,0.643735,0.658019,0.654368,0.669743,0.669419,0.682346,0.667007
299,0.586305,0.617163,0.637972,0.653481,0.671896,0.676796,0.680546,0.69047,0.699745,0.703265
300,0.570623,0.612037,0.635928,0.666536,0.679936,0.701647,0.70591,0.716481,0.725573,0.718623
301,0.560491,0.608156,0.642023,0.671339,0.681666,0.713582,0.725324,0.738224,0.741617,0.746033
302,0.535807,0.595962,0.648613,0.680448,0.700977,0.727614,0.740409,0.75302,0.761691,0.770151
303,0.524006,0.593671,0.640401,0.68915,0.723367,0.740485,0.762396,0.778606,0.794435,0.791606
304,0.50033,0.583707,0.641779,0.69086,0.714831,0.753807,0.772826,0.797926,0.806357,0.811684
305,0.488069,0.578173,0.649498,0.702442,0.736861,0.770401,0.794878,0.81679,0.827957,0.834021
306,0.469842,0.57644,0.646432,0.706267,0.742251,0.78003,0.809544,0.835343,0.84166,0.849277
307,0.458411,0.557537,0.650779,0.703573,0.760446,0.792306,0.805331,0.836542,0.853814,0.861035
308,0.450261,0.554903,0.647629,0.720644,0.760868,0.802993,0.837949,0.854377,0.871276,0.888019
309,0.425996,0.548327,0.650543,0.714951,0.772695,0.808108,0.827171,0.866177,0.891445,0.901301
310,0.423773,0.53879,0.641576,0.712225,0.778984,0.821644,0.848492,0.875833,0.897906,0.913441
311,0.411704,0.540836,0.645075,0.71707,0.78952,0.839609,0.864297,0.881555,0.895375,0.910624
312,0.397545,0.541899,0.642388,0.718244,0.782798,0.821181,0.863485,0.884087,0.910622,0.928286
313,0.384059,0.531709,0.635429,0.723508,0.787566,0.834875,0.862008,0.897209,0.926603,0.936239
314,0.381992,0.528509,0.631025,0.721166,0.779234,0.831329,0.866516,0.896028,0.919859,0.931156
315,0.371123,0.527197,0.638232,0.719123,0.791659,0.838248,0.878132,0.901805,0.913317,0.938627
316,0.367108,0.522885,0.629517,0.720977,0.780343,0.834413,0.862538,0.896866,0.932357,0.937908
317,0.359407,0.51105,0.621956,0.715973,0.778196,0.835232,0.875453,0.89305,0.923921,0.946239
318,0.360428,0.512122,0.621308,0.711232,0.776434,0.83307,0.865391,0.895839,0.915981,0.942661
319,0.346685,0.500834,0.621502,0.70611,0.763341,0.822544,0.85394,0.889616,0.908544,0.917708
320,0.338297,0.491018,0.59948,0.700609,0.76523,0.820113,0.849704,0.884317,0.908465,0.931958
321,0.339409,0.486523,0.596543,0.680256,0.760854,0.794489,0.838706,0.883426,0.890631,0.904322
322,0.335813,0.476783,0.592115,0.680355,0.748517,0.804219,0.837937,0.862984,0.888442,0.903114
323,0.33764,0.473761,0.595675,0.662693,0.729286,0.787272,0.825664,0.85193,0.872759,0.89022
324,0.33242,0.470386,0.582119,0.663511,0.725346,0.778682,0.800474,0.830462,0.857267,0.865489
325,0.327803,0.469845,0.575931,0.652892,0.717616,0.754224,0.793099,0.814694,0.841513,0.857729
326,0.330671,0.468122,0.558178,0.646861,0.692168,0.742123,0.775757,0.813588,0.82344,0.837684
327,0.316936,0.447897,0.549113,0.63596,0.682642,0.732106,0.770672,0.783967,0.812369,0.823267
328,0.317876,0.450011,0.547,0.619222,0.678087,0.715747,0.740641,0.765724,0.784093,0.80271
329,0.315281,0.437366,0.535496,0.603438,0.66061,0.701089,0.738132,0.752542,0.761095,0.788222
330,0.31658,0.438227,0.527924,0.595397,0.646366,0.688439,0.711989,0.73339,0.753104,0.762068
331,0.311171,0.429344,0.51448,0.577603,0.638166,0.657388,0.688019,0.709923,0.733111,0.740113
332,0.319366,0.415443,0.506578,0.567004,0.615992,0.653742,0.671915,0.693404,0.711957,0.725852
333,0.314725,0.42202,0.495907,0.558539,0.601402,0.63167,0.652623,0.681553,0.691074,0.702019
334,0.308364,0.40893,0.48872,0.538024,0.595872,0.613333,0.631584,0.651424,0.666783,0.681732
335,0.309679,0.403248,0.478844,0.531462,0.566284,0.589901,0.619952,0.628852,0.652211,0.653398
336,0.314904,0.394843,0.457602,0.517959,0.548266,0.582729,0.595022,0.621527,0.627809,0.630745
337,0.316459,0.390878,0.444947,0.497528,0.539328,0.551706,0.572323,0.600323,0.60586,0.613072
338,0.320792,0.390062,0.450639,0.494377,0.524873,0.550683,0.563958,0.576234,0.587661,0.593141
339,0.32394,0.381552,0.442258,0.481091,0.50613,0.524458,0.53994,0.553533,0.58135,0.58162
340,0.311594,0.378366,0.42297,0.4667,0.490151,0.517064,0.529041,0.540762,0.544062,0.564427
341,0.304038,0.373082,0.410413,0.451513,0.493449,0.501857,0.512813,0.528036,0.538833,0.541106
342,0.297504,0.372183,0.411303,0.440508,0.471542,0.494624,0.498388,0.518908,0.511529,0.533146
343,0.306741,0.359397,0.407306,0.432062,0.454822,0.475159,0.499115,0.493196,0.504762,0.517482
344,0.300134,0.349194,0.403879,0.427832,0.451993,0.460668,0.47654,0.484647,0.48917,0.497282
345,0.299987,0.35603,0.39083,0.411938,0.436963,0.450548,0.465688,0.476168,0.467775,0.478548
346,0.296967,0.344937,0.38006,0.410475,0.42702,0.449228,0.44473,0.449233,0.469025,0.479354
347,0.296747,0.347067,0.371456,0.395031,0.42256,0.436418,0.440643,0.456566,0.45455,0.460001
348,0.299628,0.339376,0.36998,0.393213,0.405979,0.423658,0.436345,0.436191,0.436318,0.451549
349,0.292776,0.33285,0.363279,0.388623,0.407231,0.417167,0.422501,0.43607,0.443561,0.440884
350,0.288381,0.331057,0.355142,0.394348,0.40892,0.40433,0.425694,0.428899,0.439794,0.431016
351,0.28125,0.334583,0.36514,0.371393,0.396845,0.408706,0.409596,0.427591,0.434403,0.422231
352,0.274982,0.331499,0.36002,0.380901,0.388528,0.39374,0.409778,0.420374,0.424003,0.428868
353,0.276734,0.318785,0.353534,0.371172,0.384473,0.402741,0.40486,0.401985,0.419014,0.41805
354,0.274885,0.315856,0.340886,0.369617,0.382305,0.397143,0.406219,0.407812,0.423451,0.43626
355,0.279096,0.316864,0.346575,0.366026,0.38118,0.406661,0.400706,0.411233,0.424128,0.413245
356,0.267556,0.304991,0.34334,0.365964,0.379416,0.388603,0.40202,0.409199,0.421127,0.412359
357,0.267046,0.307482,0.340561,0.362044,0.385224,0.393508,0.402518,0.413249,0.411151,0.422764
358,0.255865,0.303043,0.342828,0.369158,0.372529,0.403626,0.401155,0.416329,0.418868,0.430159
359,0.248112,0.30193,0.338772,0.359986,0.385906,0.402042,0.409206,0.41771,0.422735,0.425285
360,0.24429,0.294102,0.338382,0.367942,0.381214,0.394773,0.410591,0.416566,0.414443,0.431697
361,0.240425,0.288169,0.337298,0.36027,0.386741,0.401982,0.412228,0.41198,0.430486,0.423379
362,0.248201,0.283578,0.335562,0.364225,0.38176,0.404084,0.414387,0.423517,0.444723,0.434741
363,0.229753,0.285673,0.3255,0.360909,0.396426,0.409154,0.424978,0.43297,0.441654,0.438448
364,0.231954,0.286476,0.334309,0.369991,0.399137,0.408421,0.42467,0.430746,0.451973,0.440455
365,0.218765,0.285079,0.331563,0.376772,0.401185,0.415922,0.429615,0.445503,0.451689,0.457961
366,0.221599,0.293209,0.328572,0.371794,0.392881,0.413268,0.437338,0.453236,0.45719,0.452704
367,0.21366,0.287334,0.342939,0.373683,0.408198,0.426905,0.451291,0.455856,0.466719,0.465171
368,0.2057,0.275816,0.343767,0.371908,0.410251,0.433734,0.442173,0.44638,0.4679,0.477186
369,0.200667,0.279824,0.342713,0.37883,0.404733,0.435807,0.45913,0.462575,0.474737,0.483677
370,0.192331,0.274373,0.338267,0.375097,0.416736,0.434467,0.452171,0.485948,0.494089,0.498361
371,0.191705,0.272957,0.344129,0.381135,0.422987,0.452906,0.469289,0.480708,0.502432,0.506117
372,0.182076,0.273132,0.338601,0.389357,0.428275,0.455381,0.482615,0.480562,0.497902,0.517467
373,0.173052,0.273134,0.3402,0.397314,0.430744,0.455494,0.483579,0.504208,0.515833,0.524882
374,0.167288,0.26673,0.334794,0.407095,0.435517,0.463101,0.488301,0.504987,0.517935,0.534977
375,0.168326,0.27114,0.342353,0.393482,0.445349,0.462327,0.490783,0.517447,0.527578,0.536771
376,0.169216,0.258958,0.341276,0.40556,0.448073,0.469746,0.499716,0.519852,0.535393,0.545998
377,0.157449,0.26213,0.335289,0.402159,0.431923,0.476995,0.503994,0.52716,0.545081,0.554415
378,0.150884,0.271881,0.341405,0.402367,0.447794,0.490299,0.506716,0.532734,0.546905,0.559425
379,0.147469,0.258796,0.341391,0.407028,0.451761,0.485329,0.514288,0.540154,0.560021,0.563149
380,0.14691,0.262106,0.350134,0.406903,0.446984,0.495584,0.521449,0.553556,0.560067,0.569638
381,0.136964,0.253647,0.345697,0.408518,0.45856,0.493317,0.520888,0.551741,0.567034,0.57274
382,0.12917,0.253527,0.341171,0.407153,0.466431,0.500367,0.524553,0.543082,0.564274,0.58447
383,0.131146,0.248168,0.341687,0.403248,0.456989,0.501181,0.525163,0.557376,0.584178,0.586356
384,0.123358,0.245143,0.339929,0.403057,0.465408,0.508491,0.536883,0.564322,0.579137,0.587384
385,0.123716,0.23977,0.337754,0.413707,0.460433,0.503358,0.540055,0.567474,0.583587,0.590834
386,0.113128,0.242668,0.332396,0.409117,0.462302,0.499571,0.540338,0.561396,0.574074,0.59075
387,0.102416,0.234053,0.335278,0.40709,0.47299,0.501358,0.545343,0.571228,0.580131,0.604531
388,0.097521,0.238202,0.330783,0.409113,0.46299,0.505895,0.541677,0.57109,0.592199,0.601278
389,0.10699,0.237234,0.326472,0.411642,0.467225,0.502163,0.543384,0.579978,0.587926,0.597135
390,0.103333,0.23096,0.332516,0.407128,0.454794,0.509653,0.542536,0.562799,0.576486,0.606158
391,0.090919,0.224907,0.329514,0.401188,0.471361,0.504076,0.539555,0.563253,0.591235,0.598379
392,0.086289,0.225164,0.31664,0.407838,0.46322,0.516341,0.535765,0.562864,0.581693,0.592681
393,0.091014,0.218445,0.321494,0.406831,0.456923,0.493696,0.547415,0.559872,0.589919,0.603644
394,0.076017,0.220855,0.323553,0.398606,0.45766,0.500454,0.531245,0.555148,0.579485,0.592795
395,0.07367,0.204782,0.320439,0.397475,0.444624,0.490506,0.52684,0.542259,0.577734,0.590205
396,0.077425,0.208195,0.316637,0.394985,0.453369,0.489763,0.528478,0.550276,0.578892,0.58865
397,0.069724,0.197077,0.308147,0.390335,0.441775,0.488516,0.523105,0.549887,0.563519,0.589889
398,0.068581,0.19576,0.299917,0.383422,0.437653,0.471441,0.509765,0.540375,0.557853,0.578699
399,0.065105,0.205223,0.294491,0.378567,0.43114,0.478753,0.516956,0.547153,0.556233,0.566371
400,0.064726,0.199354,0.296658,0.373096,0.425192,0.481171,0.504788,0.531094,0.555216,0.569138
401,0.067036,0.188171,0.292109,0.359992,0.425487,0.463257,0.493135,0.530896,0.53706,0.556632
402,0.058731,0.180752,0.291461,0.362878,0.417094,0.460095,0.497704,0.518372,0.527856,0.561597
403,0.058966,0.170172,0.285514,0.34712,0.412408,0.456787,0.487416,0.513532,0.532885,0.543441
404,0.044708,0.17737,0.274517,0.343584,0.402266,0.443436,0.470024,0.50254,0.51701,0.522954
405,0.051697,0.187024,0.263932,0.347136,0.397561,0.433544,0.477059,0.499501,0.509214,0.527572
406,0.046219,0.173937,0.26274,0.338259,0.385512,0.417003,0.462784,0.483756,0.492263,0.52642
407,0.042737,0.165375,0.259604,0.334474,0.390589,0.422956,0.450428,0.476619,0.488688,0.51449
408,0.042586,0.166063,0.251889,0.319038,0.364129,0.410478,0.449181,0.466222,0.482113,0.505488
409,0.043455,0.152742,0.244281,0.307627,0.369631,0.397029,0.432392,0.452827,0.476598,0.479682
410,0.047602,0.154514,0.242235,0.304617,0.361727,0.393435,0.421607,0.446059,0.457032,0.478914
411,0.03613,0.152313,0.232696,0.298772,0.34236,0.380497,0.408359,0.444866,0.458728,0.458972
412,0.04095,0.147449,0.226064,0.291082,0.348595,0.371175,0.404351,0.421258,0.435336,0.452466
413,0.037436,0.147479,0.224368,0.288448,0.333762,0.367048,0.393398,0.413834,0.423961,0.432805
414,0.037031,0.141462,0.214917,0.2736,0.32471,0.34758,0.380515,0.407021,0.423988,0.42424
415,0.041991,0.139007,0.211815,0.269235,0.31113,0.349437,0.365804,0.395195,0.405408,0.412041
416,0.038954,0.128879,0.205831,0.255058,0.300895,0.327348,0.359699,0.378105,0.389665,0.408255
417,0.04168,0.132299,0.19312,0.254128,0.291869,0.320948,0.347913,0.354473,0.379906,0.395537
418,0.034169,0.131845,0.190127,0.244222,0.28572,0.32369,0.330755,0.357938,0.375906,0.380525
419,0.031006,0.116164,0.193076,0.232892,0.281591,0.309731,0.31927,0.332537,0.364637,0.359661
420,0.032469,0.112849,0.174942,0.227651,0.266676,0.294654,0.31877,0.340081,0.340909,0.352954
421,0.03397,0.119425,0.164571,0.220274,0.252445,0.2796,0.292137,0.322125,0.333171,0.338495
422,0.033136,0.108862,0.159937,0.212324,0.252032,0.271797,0.29566,0.315166,0.322171,0.334986
423,0.026982,0.112703,0.163045,0.214613,0.243764,0.265046,0.281721,0.294322,0.304981,0.324659
424,0.031843,0.100831,0.157415,0.19837,0.233853,0.255264,0.280342,0.28002,0.298383,0.312186
425,0.032088,0.106225,0.151191,0.190471,0.225813,0.245169,0.261052,0.27849,0.28741,0.290917
426,0.042064,0.096924,0.152007,0.174567,0.212548,0.236166,0.256802,0.266337,0.28221,0.268914
427,0.038902,0.094371,0.128535,0.173381,0.201187,0.226136,0.241617,0.253538,0.271643,0.262783
428,0.026381,0.097326,0.137733,0.169627,0.193494,0.211134,0.234521,0.246245,0.252933,0.268618
429,0.028732,0.085541,0.138164,0.161016,0.181969,0.206982,0.228205,0.249965,0.243062,0.248129
430,0.023284,0.080037,0.120707,0.164451,0.18346,0.205546,0.212945,0.230281,0.237412,0.235701
431,0.027092,0.079553,0.119477,0.150841,0.174511,0.185971,0.211305,0.221849,0.220934,0.238077
432,0.031085,0.081044,0.113154,0.151719,0.165601,0.183748,0.192552,0.211523,0.217353,0.226045
433,0.035037,0.069243,0.108069,0.140015,0.146429,0.172822,0.19056,0.205776,0.204411,0.209727
434,0.026307,0.076917,0.106461,0.134239,0.147994,0.169864,0.185509,0.1885,0.190688,0.198597
435,0.026649,0.069186,0.110559,0.128179,0.152993,0.160084,0.176245,0.170507,0.181919,0.190311
436,0.019961,0.074696,0.108531,0.123365,0.138058,0.162259,0.174903,0.171914,0.185912,0.183385
437,0.028948,0.056315,0.094581,0.126488,0.137006,0.150668,0.154025,0.169179,0.169327,0.182145
438,0.024977,0.061669,0.101441,0.102391,0.12271,0.135147,0.143817,0.152488,0.170768,0.167705
439,0.027475,0.055616,0.089233,0.099264,0.130892,0.138684,0.138926,0.149284,0.151929,0.161434
440,0.026031,0.05774,0.093966,0.101776,0.117888,0.125528,0.140708,0.13967,0.148817,0.156222
441,0.02969,0.060942,0.082181,0.100197,0.114911,0.120758,0.133621,0.144229,0.152769,0.136583
442,0.022358,0.057354,0.080239,0.099378,0.119943,0.119673,0.125637,0.133987,0.128097,0.139857
443,0.023835,0.055478,0.078498,0.094502,0.11139,0.110453,0.113752,0.127388,0.117326,0.127682
444,0.040201,0.054467,0.08897,0.086766,0.09814,0.112314,0.117815,0.121422,0.127828,0.109604
445,0.025022,0.054776,0.07554,0.089994,0.092571,0.099329,0.102606,0.112516,0.111015,0.105661
446,0.026087,0.047947,0.06585,0.086771,0.089909,0.095598,0.109679,0.108461,0.109703,0.105843
447,0.039505,0.054635,0.07143,0.079641,0.090215,0.091147,0.113557,0.09639,0.101528,0.108647
448,0.044538,0.053329,0.063077,0.08043,0.083682,0.087558,0.096594,0.086535,0.101023,0.101313
449,0.026427,0.051029,0.060482,0.074387,0.078926,0.091973,0.0935,0.094032,0.089984,0.096843
450,0.030283,0.050865,0.065151,0.067821,0.084814,0.086046,0.084132,0.090699,0.089572,0.101632
451,0.033724,0.048791,0.059294,0.07139,0.074165,0.087997,0.073774,0.091249,0.088677,0.080255
452,0.040218,0.055958,0.058816,0.066308,0.083093,0.08756,0.076341,0.089351,0.077146,0.082777
453,0.028253,0.045473,0.056052,0.06365,0.069748,0.068249,0.070573,0.085814,0.075054,0.080723
454,0.031849,0.043778,0.05614,0.068666,0.075519,0.070876,0.06569,0.069344,0.07342,0.07163
455,0.036712,0.041102,0.055233,0.048095,0.066286,0.062071,0.078735,0.069542,0.064529,0.072332
456,0.035433,0.039251,0.042959,0.051279,0.067077,0.061569,0.068715,0.070894,0.066726,0.060568
457,0.032047,0.037757,0.054003,0.050757,0.056876,0.059986,0.066704,0.078678,0.066699,0.073595
458,0.0334,0.038917,0.045242,0.053176,0.054376,0.055716,0.060857,0.070746,0.061339,0.059783
459,0.028077,0.042245,0.042119,0.052293,0.05901,0.053728,0.059321,0.066525,0.059531,0.071625
460,0.033453,0.043719,0.047698,0.045022,0.059955,0.056339,0.062976,0.056594,0.058537,0.058331
461,0.033584,0.042074,0.047541,0.046306,0.053843,0.04929,0.056032,0.052,0.053083,0.061767
462,0.036083,0.038018,0.043147,0.045783,0.046001,0.057847,0.057075,0.058655,0.058117,0.054014
463,0.032791,0.045387,0.049583,0.060569,0.044343,0.047638,0.051754,0.047205,0.060162,0.052267
464,0.03766,0.044405,0.03878,0.05649,0.042814,0.06467,0.049477,0.049981,0.048561,0.047614
465,0.040339,0.040063,0.04257,0.045059,0.040046,0.047251,0.042689,0.049098,0.051942,0.049758
466,0.036719,0.037609,0.041202,0.044477,0.04813,0.048639,0.038495,0.056444,0.046723,0.049359
467,0.037835,0.042954,0.043231,0.039983,0.052107,0.040769,0.045912,0.045177,0.048551,0.042188
468,0.036718,0.041154,0.044305,0.035675,0.045698,0.054584,0.046387,0.033311,0.05359,0.044468
469,0.036699,0.033518,0.037876,0.043578,0.033974,0.050737,0.038591,0.047298,0.046969,0.040792
470,0.033665,0.039741,0.045605,0.038793,0.043273,0.045797,0.043935,0.040132,0.034062,0.055211
471,0.038542,0.041159,0.042169,0.042605,0.042716,0.036865,0.043501,0.043015,0.044745,0.04164
472,0.036879,0.035744,0.032712,0.034885,0.053045,0.043825,0.031573,0.041515,0.047965,0.049487
473,0.046927,0.040672,0.032113,0.038423,0.035204,0.036557,0.037081,0.039795,0.039627,0.039527
474,0.04477,0.033062,0.040955,0.042341,0.039839,0.048706,0.043061,0.044552,0.045286,0.041283
475,0.0396,0.045815,0.039738,0.042989,0.049519,0.044901,0.042343,0.032024,0.035887,0.032324
476,0.034596,0.045362,0.040066,0.042875,0.042961,0.040845,0.034026,0.03666,0.031193,0.036444
477,0.033181,0.038435,0.040214,0.034259,0.043087,0.027843,0.040119,0.042302,0.039182,0.03948
478,0.043694,0.041224,0.041211,0.044321,0.040518,0.034585,0.044005,0.035195,0.028862,0.04638
479,0.039656,0.028462,0.044414,0.036149,0.041204,0.042444,0.042351,0.029691,0.036388,0.038816
480,0.040764,0.034183,0.034621,0.042718,0.043047,0.044673,0.037583,0.040994,0.044014,0.04469
481,0.030873,0.03811,0.034184,0.039407,0.035037,0.043825,0.035368,0.043003,0.027075,0.040517
482,0.043009,0.034509,0.034409,0.032671,0.042951,0.030164,0.034254,0.036741,0.03012,0.045556
483,0.040983,0.042678,0.040741,0.037515,0.031764,0.039252,0.039507,0.026687,0.031211,0.036469
484,0.034034,0.048535,0.045087,0.040568,0.03979,0.042533,0.037898,0.040141,0.036098,0.04934
485,0.036994,0.03394,0.037125,0.041567,0.038847,0.029089,0.039876,0.02785,0.034396,0.034025
486,0.040378,0.035464,0.027327,0.037803,0.034789,0.03705,0.037192,0.037792,0.0435,0.032494
487,0.039494,0.040354,0.030949,0.045619,0.037491,0.038265,0.040496,0.031552,0.041119,0.030132
488,0.038001,0.046632,0.034919,0.042973,0.034414,0.035267,0.036723,0.030071,0.038693,0.048918
489,0.0389,0.033592,0.036107,0.03681,0.032085,0.02746,0.040091,0.033689,0.036863,0.04095
490,0.038273,0.040305,0.03671,0.041481,0.035437,0.034889,0.040441,0.034978,0.038171,0.034905
491,0.040126,0.047479,0.038708,0.047005,0.031673,0.034781,0.031946,0.032604,0.03167,0.043387
492,0.046087,0.031498,0.036981,0.047022,0.038494,0.035584,0.026852,0.038928,0.040692,0.040524
493,0.027933,0.033154,0.043262,0.031721,0.031247,0.033463,0.043699,0.033656,0.030512,0.047431
494,0.038428,0.037041,0.035108,0.033065,0.040207,0.034008,0.037216,0.041009,0.040762,0.028956
495,0.040292,0.036547,0.034158,0.044473,0.030942,0.035966,0.027306,0.037494,0.042709,0.035918
496,0.040828,0.042614,0.040355,0.032272,0.033871,0.038328,0.032371,0.032564,0.037763,0.035053
497,0.037814,0.039942,0.030859,0.030942,0.03354,0.034628,0.039892,0.0318,0.035897,0.027237
498,0.031568,0.030635,0.039796,0.034866,0.042971,0.034114,0.034658,0.027911,0.039066,0.043523
499,0.04093,0.041092,0.038387,0.039131,0.038115,0.036615,0.033562,0.037968,0.022247,0.036687
500,0.047202,0.036022,0.037156,0.036592,0.035468,0.026693,0.043277,0.034805,0.038925,0.042267
